Instrument ID,Debtor name,NACE,Outstanding nominal amount,Final maturity,Protection country,Protection NUTS3
INS-00001,Valencia Energy 33,35.11,116600000.00,2029-06-30,ES,ES523
INS-00002,Madrid Energy 24,35.11,115800000.00,2027-06-30,ES,ES300
INS-00003,Paris Energy 17,35.11,111900000.00,2035-06-30,FR,
INS-00004,Frankfurt Energy 68,35.11,100600000.00,2036-06-30,DE,DE712
INS-00005,Valencia Energy 87,35.11,90900000.00,2035-06-30,ES,
INS-00006,Valencia Energy 2,35.11,79800000.00,2028-06-30,ES,ES523
INS-00007,Valencia Energy 92,35.11,79700000.00,2028-06-30,ES,ES523
INS-00008,Valencia Manufacturing 14,25.50,78300000.00,2035-06-30,ES,ES523
INS-00009,Lisbon Energy 47,35.11,78200000.00,2040-06-30,PT,PT170
INS-00010,Lisbon Energy 11,35.11,76500000.00,2030-06-30,PT,PT170
INS-00011,Valencia Manufacturing 19,25.50,75200000.00,2036-06-30,ES,ES523
INS-00012,Valencia Manufacturing 21,25.50,71300000.00,2036-06-30,ES,ES523
INS-00013,Miami waterfront tower,L,68000000.00,2036-06-30,US,
INS-00014,Amsterdam Energy 12,35.11,64900000.00,2030-06-30,EU,NL329
INS-00015,EU Manufacturing 45,25.50,64000000.00,2027-06-30,EU,
INS-00016,Lisbon Energy 11,35.11,60900000.00,2029-06-30,PT,PT170
INS-00017,ES Energy 61,35.11,60800000.00,2029-06-30,ES,ES620
INS-00018,Yamal Arctic gas plant,B,60000000.00,2035-06-30,RU,
INS-00019,EU Manufacturing 29,25.50,58300000.00,2028-06-30,EU,
INS-00020,EU Energy 18,35.11,57600000.00,2036-06-30,EU,
INS-00021,Valencia Energy 47,35.11,56600000.00,2040-06-30,ES,ES523
INS-00022,EU Commercial 95,68.20,55200000.00,2037-06-30,EU,
INS-00023,New Orleans port terminal,H,55000000.00,2029-06-30,US,
INS-00024,Lisbon Manufacturing 99,25.50,53900000.00,2036-06-30,PT,PT170
INS-00025,Lyon Commercial 59,68.20,53200000.00,2032-06-30,FR,FRK26
INS-00026,EU Energy 58,35.11,52400000.00,2038-06-30,EU,HU331
INS-00027,Valencia Manufacturing 58,25.50,51400000.00,2027-06-30,ES,
INS-00028,Rotterdam port logistics,H,51000000.00,2034-06-30,NL,NL33C
INS-00029,Milan Energy 17,35.11,46900000.00,2033-06-30,IT,ITC4C
INS-00030,Valencia Manufacturing 5,25.50,46100000.00,2034-06-30,ES,ES523
INS-00031,Khumbu hydro facility,D,46000000.00,2036-06-30,NP,
INS-00032,Frankfurt Commercial 22,68.20,45700000.00,2032-06-30,DE,DE712
INS-00033,Lisbon Commercial 43,68.20,44500000.00,2039-06-30,PT,PT170
INS-00034,Paris Manufacturing 93,25.50,43900000.00,2039-06-30,FR,FR105
INS-00035,Jakarta industrial estate,C,42000000.00,2030-06-30,ID,
INS-00036,Frankfurt Logistics 71,52.10,41600000.00,2031-06-30,DE,DE712
INS-00037,Barcelona Energy 2,35.11,40900000.00,2032-06-30,ES,ES511
INS-00038,EU Manufacturing 86,25.50,39100000.00,2031-06-30,EU,RS223
INS-00039,ES Commercial 50,68.20,37200000.00,2028-06-30,ES,ES523
INS-00040,ES Commercial 73,68.20,35300000.00,2033-06-30,ES,ES242
INS-00041,Hamburg Logistics 74,52.10,35000000.00,2032-06-30,DE,DE600
INS-00042,Valencia Hospitality 75,55.10,33900000.00,2034-06-30,ES,ES523
INS-00043,ES Energy 60,35.11,33200000.00,2037-06-30,ES,ES613
INS-00044,Po Valley manufacturing park,C,33000000.00,2035-06-30,IT,
INS-00045,Valencia Hospitality 16,55.10,32700000.00,2040-06-30,ES,ES523
INS-00046,Valencia Manufacturing 58,25.50,32500000.00,2038-06-30,ES,ES523
INS-00047,EU Hospitality 7,55.10,32300000.00,2034-06-30,EU,HU333
INS-00048,Valencia Hospitality 3,55.10,32300000.00,2034-06-30,ES,ES523
INS-00049,Valencia Logistics 68,52.10,31200000.00,2028-06-30,ES,
INS-00050,Valencia Logistics 81,52.10,31100000.00,2034-06-30,ES,ES523
INS-00051,Valencia Energy 31,35.11,31100000.00,2028-06-30,ES,ES523
INS-00052,Mexico City logistics hub,H,31000000.00,2027-06-30,MX,
INS-00053,Valencia Hospitality 8,55.10,31000000.00,2031-06-30,ES,ES523
INS-00054,Lyon Manufacturing 32,25.50,30400000.00,2037-06-30,FR,FRK26
INS-00055,ES Logistics 83,52.10,29500000.00,2031-06-30,ES,ES511
INS-00056,Amsterdam Logistics 60,52.10,28600000.00,2037-06-30,EU,NL329
INS-00057,Valencia Logistics 12,52.10,28300000.00,2034-06-30,ES,ES523
INS-00058,EU Hospitality 55,55.10,27500000.00,2032-06-30,EU,
INS-00059,Chamonix alpine resort,I,27000000.00,2028-06-30,FR,FRK28
INS-00060,Valencia Logistics 75,52.10,26800000.00,2030-06-30,ES,ES523
INS-00061,Lisbon Hospitality 56,55.10,26400000.00,2029-06-30,PT,PT170
INS-00062,Milan Logistics 36,52.10,24500000.00,2033-06-30,IT,ITC4C
INS-00063,Valencia Energy 3,35.11,24400000.00,2040-06-30,ES,ES523
INS-00064,Valencia Energy 79,35.11,24400000.00,2029-06-30,ES,ES523
INS-00065,Valencia Logistics 51,52.10,24200000.00,2035-06-30,ES,ES421
INS-00066,Dhaka textile complex,C,24000000.00,2031-06-30,BD,
INS-00067,EU Manufacturing 83,25.50,23500000.00,2029-06-30,EU,
INS-00068,Valencia Hospitality 75,55.10,23500000.00,2040-06-30,ES,ES523
INS-00069,Valencia Hospitality 32,55.10,23200000.00,2038-06-30,ES,ES523
INS-00070,Valencia Commercial 21,68.20,23100000.00,2032-06-30,ES,ES523
INS-00071,Milan Hospitality 52,55.10,23000000.00,2033-06-30,IT,ITC4C
INS-00072,EU Commercial 94,68.20,22900000.00,2029-06-30,EU,RS211
INS-00073,Lyon Logistics 59,52.10,21200000.00,2029-06-30,FR,FRK26
INS-00074,San Juan commercial 1,68.20,21000000.00,2030-06-30,PR,
INS-00075,Loess Plateau agri-estate,A,21000000.00,2037-06-30,CN,
INS-00076,IT Logistics 19,52.10,20800000.00,2030-06-30,IT,
INS-00077,Frankfurt Logistics 84,52.10,20800000.00,2040-06-30,DE,
INS-00078,ES Commercial 77,68.20,20500000.00,2031-06-30,ES,ES618
INS-00079,Barcelona Commercial 66,68.20,20400000.00,2031-06-30,ES,
INS-00080,Valencia Agriculture 13,01.50,19800000.00,2033-06-30,ES,
INS-00081,IT Logistics 34,52.10,19400000.00,2035-06-30,IT,
INS-00082,Valencia Hospitality 11,55.10,19400000.00,2036-06-30,ES,ES523
INS-00083,Valencia Hospitality 59,55.10,18800000.00,2029-06-30,ES,ES523
INS-00084,Lyon Hospitality 53,55.10,18600000.00,2035-06-30,FR,FRK26
INS-00085,Oklahoma grain terminal,A,18000000.00,2036-06-30,US,
INS-00086,API Tower Rotterdam,,18000000.00,2038-06-30,NL,NL33C
INS-00087,Milan Logistics 38,52.10,17000000.00,2040-06-30,IT,
INS-00088,Frankfurt Agriculture 73,01.50,16600000.00,2040-06-30,DE,DE712
INS-00089,EU Manufacturing 49,25.50,16500000.00,2037-06-30,EU,
INS-00090,Valencia Agriculture 74,01.50,15900000.00,2033-06-30,ES,ES523
INS-00091,EU Hospitality 40,55.10,15100000.00,2033-06-30,EU,
INS-00092,Valencia Agriculture 3,01.50,14400000.00,2028-06-30,ES,ES522
INS-00093,Valencia Hospitality 52,55.10,14300000.00,2033-06-30,ES,ES523
INS-00094,Valencia Agriculture 91,01.50,14000000.00,2028-06-30,ES,
INS-00095,Norway aquaculture coast,A,14000000.00,2034-06-30,NO,NO0A2
INS-00096,Lyon Commercial 44,68.20,14000000.00,2032-06-30,FR,FRK26
INS-00097,Frankfurt Agriculture 81,01.50,13700000.00,2028-06-30,DE,DE712
INS-00098,Porto Manufacturing 83,25.50,13100000.00,2029-06-30,PT,
INS-00099,Valencia Hospitality 64,55.10,12600000.00,2032-06-30,ES,ES523
INS-00100,Lisbon Hospitality 71,55.10,12500000.00,2028-06-30,PT,PT170
INS-00101,Barcelona Commercial 50,68.20,12300000.00,2036-06-30,ES,ES511
INS-00102,Valencia Agriculture 70,01.50,12100000.00,2037-06-30,ES,ES523
INS-00103,ES Hospitality 35,55.10,11900000.00,2032-06-30,ES,ES613
INS-00104,Valencia Logistics 79,52.10,11500000.00,2034-06-30,ES,ES523
INS-00105,Valencia Agriculture 8,01.50,11500000.00,2040-06-30,ES,ES523
INS-00106,Valencia Hospitality 11,55.10,11000000.00,2034-06-30,ES,ES523
INS-00107,Valencia Agriculture 35,01.50,10800000.00,2031-06-30,ES,ES523
INS-00108,EU Hospitality 9,55.10,10800000.00,2028-06-30,EU,
INS-00109,Lyon Hospitality 69,55.10,10700000.00,2038-06-30,FR,FRK26
INS-00110,Los Lotes commercial 1,68.20,10400000.00,2032-06-30,GT,
INS-00111,Antigua hospitality 1,55.10,10300000.00,2038-06-30,GT,
INS-00112,Lyon Hospitality 37,55.10,10300000.00,2040-06-30,FR,FRK26
INS-00113,Valencia Hospitality 8,55.10,9800000.00,2035-06-30,ES,ES523
INS-00114,Sahel irrigation scheme,A,9000000.00,2027-06-30,NE,
INS-00115,CSV Regression Berlin,,9000000.00,2035-06-30,ES,DE300
INS-00116,Valencia Agriculture 83,01.50,8800000.00,2038-06-30,ES,ES523
INS-00117,Valencia Logistics 83,52.10,7600000.00,2027-06-30,ES,ES523
INS-00118,Valencia Agriculture 9,01.50,7400000.00,2031-06-30,ES,ES523
INS-00119,Valencia Logistics 48,52.10,7300000.00,2040-06-30,ES,ES523
INS-00120,EU Agriculture 67,01.50,7100000.00,2040-06-30,EU,TR321
INS-00121,Ponce hospitality 1,55.10,6800000.00,2031-06-30,PR,
INS-00122,API Warehouse Sevilla,,6500000.00,2029-06-30,ES,ES618
INS-00123,Barcelona Agriculture 18,01.50,6500000.00,2030-06-30,ES,ES511
INS-00124,Valencia Hospitality 44,55.10,5900000.00,2039-06-30,ES,ES523
INS-00125,Lyon Agriculture 91,01.50,5500000.00,2037-06-30,FR,FRK26
INS-00126,Valencia Hospitality 39,55.10,4900000.00,2039-06-30,ES,ES523
INS-00127,Valencia Agriculture 71,01.50,2700000.00,2039-06-30,ES,ES523
INS-00128,Valencia Residential 18,68.20,2500000.00,2039-06-30,ES,ES523
INS-00129,Frankfurt Residential 39,68.20,2500000.00,2033-06-30,DE,DE712
INS-00130,ES Residential 24,68.20,2400000.00,2030-06-30,ES,ES521
INS-00131,Valencia Residential 57,68.20,2400000.00,2034-06-30,ES,ES523
INS-00132,Valencia Residential 51,68.20,2100000.00,2027-06-30,ES,ES523
INS-00133,Valencia Residential 81,68.20,2000000.00,2039-06-30,ES,ES523
INS-00134,Porto Residential 63,68.20,1900000.00,2031-06-30,PT,PT11A
INS-00135,EU Residential 39,68.20,1900000.00,2030-06-30,EU,
INS-00136,Valencia Residential 68,68.20,1800000.00,2032-06-30,ES,ES523
INS-00137,Valencia Residential 83,68.20,1600000.00,2038-06-30,ES,ES523
INS-00138,EU Residential 38,68.20,1500000.00,2032-06-30,EU,
INS-00139,Rome Residential 58,68.20,1500000.00,2032-06-30,IT,ITI43
INS-00140,EU Residential 93,68.20,1300000.00,2028-06-30,EU,SK023
INS-00141,ES Residential 30,68.20,800000.00,2030-06-30,ES,ES616
INS-00142,Valencia Residential 13,68.20,800000.00,2034-06-30,ES,ES523
INS-00143,Valencia Residential 5,68.20,700000.00,2036-06-30,ES,ES523
INS-00144,EU Residential 27,68.20,700000.00,2040-06-30,EU,
INS-00145,Barcelona Residential 64,68.20,700000.00,2037-06-30,ES,
INS-00146,EU Residential 61,68.20,300000.00,2032-06-30,EU,
