Plot ID,Supplier / plot name,Commodity,Annual sourcing spend,Contract end,Origin country,Latitude,Longitude
PLOT-00001,Barry Callebaut - Western Cocoa Plot 008,Cocoa,627000.00,2029-12-31,GH,5.661263,-2.700859
PLOT-00002,LDC - Braila Sunflower Plot 016,Sunflower,387000.00,2029-12-31,RO,44.041893,27.439938
PLOT-00003,Barry Callebaut - Centre Cocoa Plot 057,Cocoa,624000.00,2032-12-31,CM,3.852382,11.453731
PLOT-00004,Treasury Estates - Barossa Wine grapes Plot 029,Wine grapes,510000.00,2032-12-31,AU,-34.393881,138.367339
PLOT-00005,Soufflet - Wheatbelt Wheat Plot 032,Wheat,1162000.00,2027-12-31,AU,-31.167782,117.598180
PLOT-00006,COFCO - Parana Soybean Plot 042,Soybean,1985000.00,2032-12-31,BR,-24.769112,-51.137650
PLOT-00007,RPAC - Sunraysia Almonds Plot 019,Almonds,959000.00,2031-12-31,AU,-34.048981,142.020288
PLOT-00008,COFCO - Iowa Maize Plot 070,Maize,1174000.00,2032-12-31,US,41.904294,-93.307986
PLOT-00009,ADM Milling - Beauce Wheat Plot 059,Wheat,2140000.00,2032-12-31,FR,48.069073,2.054458
PLOT-00010,EID Parry - Sao Paulo Cane sugar Plot 013,Cane sugar,133000.00,2031-12-31,BR,-21.939134,-48.419814
PLOT-00011,ADM - Santa Fe Soybean Plot 039,Soybean,2891000.00,2028-12-31,AR,,
PLOT-00012,Tereos - Flevoland Sugar beet Plot 024,Sugar beet,277000.00,2032-12-31,NL,52.624159,5.744058
PLOT-00013,Boortmalt - Bavaria Barley Plot 029,Barley,547000.00,2032-12-31,DE,48.785259,11.952278
PLOT-00014,Cutrale - Nile Delta Citrus Plot 046,Citrus,682000.00,2031-12-31,EG,30.235082,30.582857
PLOT-00015,LDC Rice - Arkansas Rice Plot 029,Rice,1413000.00,2032-12-31,US,35.206069,-91.932017
PLOT-00016,LDC Coffee - Dak Lak Coffee Plot 015,Coffee,660000.00,2029-12-31,VN,12.963687,108.170145
PLOT-00017,Cemoi - Ashanti Cocoa Plot 007,Cocoa,770000.00,2031-12-31,GH,6.335089,-2.104342
PLOT-00018,Terra Creta - Sfax Olive oil Plot 036,Olive oil,687000.00,2030-12-31,TN,35.212036,9.816766
PLOT-00019,ECOM - Comayagua Coffee Plot 052,Coffee,382000.00,2031-12-31,HN,14.138659,-88.035638
PLOT-00020,De Cecco - Konya Durum wheat Plot 026,Durum wheat,1126000.00,2030-12-31,TR,37.229167,35.275443
PLOT-00021,Sucafina - Comayagua Coffee Plot 066,Coffee,1053000.00,2029-12-31,HN,14.198365,-88.362733
PLOT-00022,Riceland - Vercelli Rice Plot 039,Rice,1486000.00,2029-12-31,IT,,
PLOT-00023,GrainCorp Malt - East Anglia Barley Plot 022,Barley,1027000.00,2032-12-31,GB,52.520130,1.398044
PLOT-00024,Kernel - Nouvelle-Aquitaine Sunflower Plot 010,Sunflower,758000.00,2030-12-31,FR,46.043943,-0.035219
PLOT-00025,AMC Group - Florida Citrus Plot 041,Citrus,848000.00,2027-12-31,US,27.138194,-81.241893
PLOT-00026,Cargill Grains - Kansas Wheat Plot 018,Wheat,1466000.00,2028-12-31,US,38.594771,-98.182237
PLOT-00027,Cargill Cocoa - Guayas Cocoa Plot 081,Cocoa,574000.00,2028-12-31,EC,-1.709576,-79.922979
PLOT-00028,Bunge - Mato Grosso Soybean Plot 018,Soybean,590000.00,2031-12-31,BR,-12.622597,-56.048146
PLOT-00029,Soufflet - Beauce Wheat Plot 048,Wheat,1180000.00,2027-12-31,FR,48.701987,2.127747
PLOT-00030,LDC - Iowa Maize Plot 038,Maize,1546000.00,2029-12-31,US,41.877353,-93.558384
PLOT-00031,Borges - Sunraysia Almonds Plot 012,Almonds,1074000.00,2031-12-31,AU,-34.624994,142.164095
PLOT-00032,Cargill Grains - Parana Soybean Plot 035,Soybean,2200000.00,2031-12-31,BR,-24.635662,-51.170104
PLOT-00033,GrainCorp - Beauce Wheat Plot 067,Wheat,256000.00,2028-12-31,FR,47.805846,1.684601
PLOT-00034,Kernel - La Pampa Sunflower Plot 024,Sunflower,962000.00,2029-12-31,AR,-35.930632,-63.926839
PLOT-00035,LDC - Buenos Aires Maize Plot 067,Maize,1363000.00,2029-12-31,AR,-33.423047,-62.116298
PLOT-00036,ADM Milling - Beauce Wheat Plot 019,Wheat,2189000.00,2027-12-31,FR,47.937178,1.813059
PLOT-00037,Mitr Phol - Sao Paulo Cane sugar Plot 051,Cane sugar,1808000.00,2031-12-31,BR,-21.568745,-48.465732
PLOT-00038,Olam Cocoa - San-Pedro Cocoa Plot 002,Cocoa,174000.00,2029-12-31,CI,5.230649,-6.971494
PLOT-00039,Sucafina - Sao Paulo Coffee Plot 001,Coffee,869000.00,2029-12-31,BR,,
PLOT-00040,Cargill - La Pampa Sunflower Plot 042,Sunflower,1147000.00,2032-12-31,AR,,
PLOT-00041,Bunge - Iowa Soybean Plot 009,Soybean,1523000.00,2032-12-31,US,42.427616,-93.762869
PLOT-00042,Sovena - Peloponnese Olive oil Plot 008,Olive oil,1203000.00,2028-12-31,GR,,
PLOT-00043,ADM - Mato Grosso Maize Plot 016,Maize,830000.00,2027-12-31,BR,-13.560506,-55.364563
PLOT-00044,Touton - Western Cocoa Plot 054,Cocoa,832000.00,2032-12-31,GH,5.900317,-2.090355
PLOT-00045,ECOM - Huila Coffee Plot 075,Coffee,417000.00,2027-12-31,CO,2.749477,-75.634062
PLOT-00046,Touton - San-Pedro Cocoa Plot 040,Cocoa,835000.00,2031-12-31,CI,4.786792,-6.989310
PLOT-00047,Raizen - Uttar Pradesh Cane sugar Plot 046,Cane sugar,991000.00,2030-12-31,IN,27.615647,79.112747
PLOT-00048,Wilmar Sugar - Maharashtra Cane sugar Plot 056,Cane sugar,2100000.00,2031-12-31,IN,19.606283,74.993398
PLOT-00049,ECOM - Minas Gerais Coffee Plot 050,Coffee,196000.00,2028-12-31,BR,-20.713037,-44.732750
PLOT-00050,Nordzucker - Picardy Sugar beet Plot 018,Sugar beet,510000.00,2029-12-31,FR,49.966582,2.298301
PLOT-00051,Barilla Grani - North Dakota Durum wheat Plot 001,Durum wheat,135000.00,2032-12-31,US,47.791747,-99.457400
PLOT-00052,Bunge - Nebraska Maize Plot 021,Maize,1701000.00,2028-12-31,US,40.592373,-99.029575
PLOT-00053,Cargill Cocoa - Ondo Cocoa Plot 079,Cocoa,442000.00,2031-12-31,NG,,
PLOT-00054,CHO - Puglia Olive oil Plot 032,Olive oil,566000.00,2029-12-31,IT,41.096614,17.159715
PLOT-00055,Cargill Grains - Iowa Maize Plot 047,Maize,1415000.00,2027-12-31,US,42.337202,-93.246183
PLOT-00056,Cargill - Andalucia Sunflower Plot 026,Sunflower,683000.00,2030-12-31,ES,37.877449,-4.989601
PLOT-00057,Olam Cocoa - Ondo Cocoa Plot 009,Cocoa,137000.00,2029-12-31,NG,6.664984,5.105610
PLOT-00058,ECOM - Comayagua Coffee Plot 009,Coffee,892000.00,2032-12-31,HN,15.102341,-88.465144
PLOT-00059,Bunge - Mato Grosso Maize Plot 041,Maize,712000.00,2030-12-31,BR,-13.009196,-55.059161
PLOT-00060,Bunge - Iowa Soybean Plot 019,Soybean,2372000.00,2027-12-31,US,,
PLOT-00061,ECOM - Sidama Coffee Plot 005,Coffee,1070000.00,2028-12-31,ET,6.892652,38.712509
PLOT-00062,Volcafe - Sidama Coffee Plot 069,Coffee,563000.00,2029-12-31,ET,6.962923,39.044741
PLOT-00063,Cutrale - Florida Citrus Plot 045,Citrus,850000.00,2029-12-31,US,27.880334,-81.766723
PLOT-00064,Cargill - Nouvelle-Aquitaine Sunflower Plot 044,Sunflower,1192000.00,2030-12-31,FR,,
PLOT-00065,Cargill Grains - Saskatchewan Wheat Plot 062,Wheat,736000.00,2030-12-31,CA,50.475471,-105.946597
PLOT-00066,GrainCorp - Poltava Wheat Plot 069,Wheat,2101000.00,2030-12-31,UA,48.527170,31.943588
PLOT-00067,Cargill Cocoa - San-Pedro Cocoa Plot 014,Cocoa,83000.00,2030-12-31,CI,4.703818,-6.909906
PLOT-00068,Cargill Grains - Saskatchewan Wheat Plot 024,Wheat,971000.00,2030-12-31,CA,,
PLOT-00069,Cemoi - Ondo Cocoa Plot 052,Cocoa,232000.00,2028-12-31,NG,6.700557,5.646577
PLOT-00070,Ebro Foods - Suphan Buri Rice Plot 034,Rice,1042000.00,2028-12-31,TH,15.803660,100.669807
PLOT-00071,GrainCorp - Poltava Wheat Plot 026,Wheat,782000.00,2031-12-31,UA,49.023922,32.530527
PLOT-00072,EID Parry - Uttar Pradesh Cane sugar Plot 040,Cane sugar,1603000.00,2032-12-31,IN,,
PLOT-00073,Semouleries - Foggia Durum wheat Plot 015,Durum wheat,634000.00,2031-12-31,IT,41.465001,15.844807
PLOT-00074,Olam Almonds - Central Valley Almonds Plot 004,Almonds,1758000.00,2029-12-31,US,37.000583,-119.465220
PLOT-00075,Olam Cocoa - Guayas Cocoa Plot 063,Cocoa,456000.00,2028-12-31,EC,-1.819385,-80.262025
PLOT-00076,Deoleo - Alentejo Olive oil Plot 013,Olive oil,145000.00,2031-12-31,PT,38.682245,-7.872718
PLOT-00077,Sucafina - Antioquia Coffee Plot 031,Coffee,960000.00,2029-12-31,CO,5.832094,-75.485712
PLOT-00078,Barry Callebaut - Western Cocoa Plot 004,Cocoa,495000.00,2028-12-31,GH,5.235099,-2.055255
PLOT-00079,Olam Almonds - Sunraysia Almonds Plot 015,Almonds,713000.00,2029-12-31,AU,-34.261272,142.562712
PLOT-00080,Terra Creta - Sfax Olive oil Plot 037,Olive oil,789000.00,2027-12-31,TN,35.849333,10.381742
PLOT-00081,LDC Rice - Punjab Rice Plot 031,Rice,1054000.00,2031-12-31,IN,30.918955,75.918888
PLOT-00082,Viterra - Wheatbelt Wheat Plot 012,Wheat,973000.00,2031-12-31,AU,,
PLOT-00083,Boortmalt - Champagne Barley Plot 027,Barley,432000.00,2031-12-31,FR,48.438415,4.455847
PLOT-00084,COFCO - Illinois Soybean Plot 003,Soybean,2461000.00,2030-12-31,US,39.776528,-88.645763
PLOT-00085,Olam Cocoa - San-Pedro Cocoa Plot 085,Cocoa,315000.00,2031-12-31,CI,4.704466,-6.132558
PLOT-00086,Cargill Grains - Beauce Wheat Plot 061,Wheat,1960000.00,2031-12-31,FR,48.526470,1.726328
PLOT-00087,ADM - Santa Fe Soybean Plot 055,Soybean,2694000.00,2027-12-31,AR,-31.029200,-60.456267
PLOT-00088,Terra Creta - Sfax Olive oil Plot 040,Olive oil,1034000.00,2028-12-31,TN,35.483062,10.326139
PLOT-00089,Wilmar Sugar - Queensland Cane sugar Plot 003,Cane sugar,1044000.00,2030-12-31,AU,-19.736193,147.167062
PLOT-00090,Cemoi - Ashanti Cocoa Plot 021,Cocoa,841000.00,2029-12-31,GH,6.781901,-1.640822
PLOT-00091,LDC Coffee - Comayagua Coffee Plot 057,Coffee,1098000.00,2029-12-31,HN,14.961379,-87.506311
PLOT-00092,ADM - Mato Grosso Soybean Plot 028,Soybean,140000.00,2032-12-31,BR,-12.667920,-55.964392
PLOT-00093,Neumann Kaffee - Dak Lak Coffee Plot 016,Coffee,211000.00,2027-12-31,VN,13.002556,107.727469
PLOT-00094,LT Foods - Mekong Delta Rice Plot 038,Rice,735000.00,2032-12-31,VN,10.283547,105.258917
PLOT-00095,Semouleries - Chaouia Durum wheat Plot 009,Durum wheat,1120000.00,2031-12-31,MA,32.452781,-7.388665
PLOT-00096,AMC Group - Mpumalanga Citrus Plot 031,Citrus,1295000.00,2027-12-31,ZA,-24.892750,31.344450
PLOT-00097,Ebro Foods - Vercelli Rice Plot 037,Rice,728000.00,2027-12-31,IT,45.355659,8.710890
PLOT-00098,ADM - Braila Sunflower Plot 013,Sunflower,850000.00,2028-12-31,RO,44.468410,26.569840
PLOT-00099,Kernel - Andalucia Sunflower Plot 015,Sunflower,173000.00,2027-12-31,ES,36.958927,-4.529742
PLOT-00100,Viterra - Wheatbelt Wheat Plot 007,Wheat,1692000.00,2027-12-31,AU,-31.220531,117.175578
PLOT-00101,Cargill Cocoa - San-Pedro Cocoa Plot 058,Cocoa,271000.00,2027-12-31,CI,5.152385,-6.270532
PLOT-00102,Olam Cocoa - Centre Cocoa Plot 066,Cocoa,368000.00,2027-12-31,CM,3.621456,11.100903
PLOT-00103,Touton - Daloa Cocoa Plot 011,Cocoa,706000.00,2031-12-31,CI,6.496982,-6.112524
PLOT-00104,GrainCorp - Beauce Wheat Plot 025,Wheat,1078000.00,2029-12-31,FR,48.666572,1.890032
PLOT-00105,Sucafina - Dak Lak Coffee Plot 085,Coffee,567000.00,2031-12-31,VN,13.026575,108.187416
PLOT-00106,Ebro Foods - Arkansas Rice Plot 007,Rice,1416000.00,2030-12-31,US,35.177556,-91.153804
PLOT-00107,Olam Rice - Mekong Delta Rice Plot 012,Rice,1020000.00,2027-12-31,VN,9.842472,105.204321
PLOT-00108,Kernel - Kirovohrad Sunflower Plot 035,Sunflower,1399000.00,2029-12-31,UA,48.104178,32.170689
PLOT-00109,Riceland - Mekong Delta Rice Plot 011,Rice,822000.00,2032-12-31,VN,9.772115,106.028881
PLOT-00110,Copersucar - Maharashtra Cane sugar Plot 049,Cane sugar,442000.00,2027-12-31,IN,19.185492,74.594566
PLOT-00111,Select Harvests - Sunraysia Almonds Plot 007,Almonds,1300000.00,2029-12-31,AU,-33.686930,142.653403
PLOT-00112,Bunge - Parana Soybean Plot 072,Soybean,3115000.00,2027-12-31,BR,-25.010798,-51.820023
PLOT-00113,Raizen - Sao Paulo Cane sugar Plot 036,Cane sugar,2425000.00,2031-12-31,BR,-21.744696,-48.803750
PLOT-00114,Amaggi - Cordoba Soybean Plot 070,Soybean,2254000.00,2030-12-31,AR,-31.263924,-63.720990
PLOT-00115,COFCO - Iowa Soybean Plot 030,Soybean,201000.00,2030-12-31,US,41.915355,-93.341218
PLOT-00116,GrainCorp - Poltava Wheat Plot 055,Wheat,569000.00,2028-12-31,UA,48.551864,31.730278
PLOT-00117,Barry Callebaut - Ashanti Cocoa Plot 090,Cocoa,57000.00,2030-12-31,GH,,
PLOT-00118,Raizen - Uttar Pradesh Cane sugar Plot 023,Cane sugar,1094000.00,2028-12-31,IN,27.273480,80.026351
PLOT-00119,Tereos - Flevoland Sugar beet Plot 008,Sugar beet,248000.00,2028-12-31,NL,52.037507,5.593771
PLOT-00120,Cemoi - Ondo Cocoa Plot 006,Cocoa,448000.00,2031-12-31,NG,7.489252,5.143730
PLOT-00121,Wilmar Sugar - Maharashtra Cane sugar Plot 004,Cane sugar,1088000.00,2029-12-31,IN,19.633481,74.616471
PLOT-00122,Amaggi - Parana Soybean Plot 015,Soybean,2041000.00,2030-12-31,BR,-24.229511,-51.965842
PLOT-00123,Cargill Grains - Illinois Soybean Plot 006,Soybean,205000.00,2030-12-31,US,40.082313,-89.227051
PLOT-00124,Sudzucker - Picardy Sugar beet Plot 016,Sugar beet,1012000.00,2031-12-31,FR,49.266933,2.874556
PLOT-00125,COFCO - Mato Grosso Soybean Plot 010,Soybean,3300000.00,2028-12-31,BR,-12.918268,-56.324970
PLOT-00126,Soufflet - Kansas Wheat Plot 045,Wheat,1897000.00,2028-12-31,US,38.259060,-98.207750
PLOT-00127,Mitr Phol - Sao Paulo Cane sugar Plot 016,Cane sugar,1320000.00,2031-12-31,BR,-21.377268,-47.967068
PLOT-00128,Pernod Ricard Vin - Barossa Wine grapes Plot 002,Wine grapes,469000.00,2030-12-31,AU,-34.208941,138.590747
PLOT-00129,Malteurop - Alberta Barley Plot 010,Barley,878000.00,2029-12-31,CA,52.756658,-113.735475
PLOT-00130,Neumann Kaffee - Sidama Coffee Plot 002,Coffee,912000.00,2030-12-31,ET,6.643940,39.045623
PLOT-00131,Bunge - La Pampa Sunflower Plot 017,Sunflower,1093000.00,2028-12-31,AR,,
PLOT-00132,EID Parry - Uttar Pradesh Cane sugar Plot 057,Cane sugar,2744000.00,2032-12-31,IN,27.572960,79.931224
PLOT-00133,COFCO - Iowa Maize Plot 011,Maize,412000.00,2028-12-31,US,41.893914,-93.111892
PLOT-00134,Olam Cocoa - San-Pedro Cocoa Plot 010,Cocoa,739000.00,2029-12-31,CI,4.920227,-6.942875
PLOT-00135,LDC Coffee - Comayagua Coffee Plot 022,Coffee,146000.00,2030-12-31,HN,14.323452,-88.390862
PLOT-00136,Cargill - Nouvelle-Aquitaine Sunflower Plot 001,Sunflower,149000.00,2028-12-31,FR,45.363075,0.750844
PLOT-00137,Bunge - Andalucia Sunflower Plot 002,Sunflower,1381000.00,2028-12-31,ES,37.688992,-5.010386
PLOT-00138,Cemoi - Ashanti Cocoa Plot 071,Cocoa,418000.00,2031-12-31,GH,6.916839,-1.108444
PLOT-00139,LDC - Braila Sunflower Plot 034,Sunflower,968000.00,2027-12-31,RO,44.579572,26.509554
PLOT-00140,Copersucar - Maharashtra Cane sugar Plot 032,Cane sugar,1808000.00,2029-12-31,IN,19.277565,74.421008
PLOT-00141,Sucafina - Minas Gerais Coffee Plot 070,Coffee,362000.00,2030-12-31,BR,-21.217632,-45.519605
PLOT-00142,Malteurop - Bavaria Barley Plot 032,Barley,764000.00,2031-12-31,DE,49.345812,11.906262
PLOT-00143,ADM - Braila Sunflower Plot 051,Sunflower,100000.00,2028-12-31,RO,44.994202,27.094280
PLOT-00144,LT Foods - Punjab Rice Plot 041,Rice,878000.00,2029-12-31,IN,,
PLOT-00145,Barry Callebaut - Western Cocoa Plot 004,Cocoa,495000.00,2029-12-31,GH,,
PLOT-00146,COFCO - Cordoba Soybean Plot 040,Soybean,2519000.00,2030-12-31,AR,-31.620158,-63.682519
PLOT-00147,LDC - Cherkasy Maize Plot 066,Maize,298000.00,2028-12-31,UA,49.391163,31.436280
PLOT-00148,Volcafe - Dak Lak Coffee Plot 023,Coffee,630000.00,2029-12-31,VN,12.676326,108.136187
PLOT-00149,Viterra - South Australia Barley Plot 028,Barley,576000.00,2029-12-31,AU,-34.220101,138.309313
PLOT-00150,ADM Milling - Poltava Wheat Plot 037,Wheat,765000.00,2031-12-31,UA,48.760191,31.633456
PLOT-00151,LoBue - Valencia Citrus Plot 023,Citrus,391000.00,2030-12-31,ES,39.766598,-0.871004
PLOT-00152,Neumann Kaffee - Huila Coffee Plot 074,Coffee,717000.00,2032-12-31,CO,2.661349,-75.940650
PLOT-00153,AMC Group - Valencia Citrus Plot 030,Citrus,1494000.00,2029-12-31,ES,38.944360,-0.430012
PLOT-00154,ADM Milling - Wheatbelt Wheat Plot 033,Wheat,2157000.00,2028-12-31,AU,-31.354377,117.386224
PLOT-00155,ADM - Aquitaine Maize Plot 071,Maize,2271000.00,2029-12-31,FR,44.117382,0.378666
PLOT-00156,GrainCorp - Poltava Wheat Plot 005,Wheat,1536000.00,2030-12-31,UA,49.251634,31.505964
PLOT-00157,Barry Callebaut - Ashanti Cocoa Plot 001,Cocoa,546000.00,2027-12-31,GH,6.480172,-1.524363
PLOT-00158,ADM - La Pampa Sunflower Plot 019,Sunflower,1330000.00,2032-12-31,AR,-36.254211,-64.296936
PLOT-00159,EID Parry - Queensland Cane sugar Plot 030,Cane sugar,521000.00,2029-12-31,AU,-18.998709,147.317753
PLOT-00160,Riceland - Mekong Delta Rice Plot 023,Rice,937000.00,2031-12-31,VN,,
PLOT-00161,Amaggi - Parana Soybean Plot 081,Soybean,2301000.00,2029-12-31,BR,-24.266201,-51.316240
PLOT-00162,Treasury Estates - Rioja Wine grapes Plot 030,Wine grapes,1834000.00,2030-12-31,ES,42.176273,-2.651667
PLOT-00163,Soufflet - Beauce Wheat Plot 051,Wheat,1656000.00,2031-12-31,FR,48.276749,2.083537
PLOT-00164,COFCO - Iowa Soybean Plot 026,Soybean,925000.00,2029-12-31,US,41.969751,-93.531687
PLOT-00165,ECOM - Comayagua Coffee Plot 053,Coffee,901000.00,2028-12-31,HN,15.109800,-87.703377
PLOT-00166,ADM - Aquitaine Maize Plot 012,Maize,419000.00,2028-12-31,FR,43.742843,0.511010
PLOT-00167,Barry Callebaut - Western Cocoa Plot 004,Cocoa,495000.00,2029-12-31,GH,5.235099,-2.055255
PLOT-00168,Touton - Centre Cocoa Plot 087,Cocoa,139000.00,2032-12-31,CM,4.246500,11.445780
PLOT-00169,Borges - Granada Almonds Plot 021,Almonds,1378000.00,2028-12-31,ES,37.130017,-2.466673
PLOT-00170,LDC - Nouvelle-Aquitaine Sunflower Plot 049,Sunflower,1208000.00,2030-12-31,FR,45.354661,0.093798
PLOT-00171,Barry Callebaut - Ashanti Cocoa Plot 001,Cocoa,546000.00,2032-12-31,GH,,
PLOT-00172,ADM - Santa Fe Soybean Plot 077,Soybean,1514000.00,2032-12-31,AR,-31.206093,-60.811795
PLOT-00173,Sovena - Jaen Olive oil Plot 027,Olive oil,998000.00,2028-12-31,ES,37.334004,-3.435219
PLOT-00174,Blue Diamond - Sunraysia Almonds Plot 023,Almonds,802000.00,2030-12-31,AU,-34.031287,141.678862
PLOT-00175,Bunge - Buenos Aires Maize Plot 061,Maize,792000.00,2032-12-31,AR,-32.567386,-61.886208
PLOT-00176,ADM - Andalucia Sunflower Plot 030,Sunflower,921000.00,2028-12-31,ES,37.828926,-5.099504
PLOT-00177,Neumann Kaffee - Minas Gerais Coffee Plot 017,Coffee,1021000.00,2030-12-31,BR,-20.674370,-45.404945
PLOT-00178,Citrosuco - Mpumalanga Citrus Plot 021,Citrus,805000.00,2030-12-31,ZA,-24.961875,30.647365
PLOT-00179,Bunge - Nebraska Maize Plot 026,Maize,1003000.00,2029-12-31,US,41.094795,-98.974321
PLOT-00180,Copersucar - Nakhon Ratchasima Cane sugar Plot 042,Cane sugar,684000.00,2032-12-31,TH,14.450062,101.471491
PLOT-00181,Sudzucker - Picardy Sugar beet Plot 005,Sugar beet,1013000.00,2029-12-31,FR,49.411876,3.192411
PLOT-00182,CHO - Puglia Olive oil Plot 031,Olive oil,923000.00,2028-12-31,IT,40.503319,17.452386
PLOT-00183,Cutrale - Valencia Citrus Plot 018,Citrus,585000.00,2030-12-31,ES,39.477997,-0.674573
PLOT-00184,Cargill Grains - Mato Grosso Maize Plot 049,Maize,1754000.00,2027-12-31,BR,,
PLOT-00185,Volcafe - Comayagua Coffee Plot 073,Coffee,560000.00,2032-12-31,HN,14.112139,-88.355629
PLOT-00186,Bunge - Buenos Aires Maize Plot 069,Maize,1565000.00,2028-12-31,AR,-33.531405,-62.329982
PLOT-00187,Olam Cocoa - Ondo Cocoa Plot 018,Cocoa,724000.00,2029-12-31,NG,6.858659,5.005993
PLOT-00188,Barry Callebaut - Ondo Cocoa Plot 091,Cocoa,337000.00,2028-12-31,NG,7.358714,5.461613
PLOT-00189,De Cecco - Chaouia Durum wheat Plot 019,Durum wheat,113000.00,2028-12-31,MA,33.337346,-7.041980
PLOT-00190,Sucafina - Dak Lak Coffee Plot 003,Coffee,1100000.00,2027-12-31,VN,,
PLOT-00191,Indian River - Nile Delta Citrus Plot 037,Citrus,605000.00,2027-12-31,EG,30.960658,30.934410
PLOT-00192,Soufflet - Wheatbelt Wheat Plot 027,Wheat,1259000.00,2029-12-31,AU,-31.027892,116.961873
PLOT-00193,Barry Callebaut - Ashanti Cocoa Plot 001,Cocoa,546000.00,2032-12-31,GH,6.480172,-1.524363
PLOT-00194,Cargill Grains - Santa Fe Soybean Plot 052,Soybean,3450000.00,2029-12-31,AR,-30.235063,-60.908460
PLOT-00195,British Sugar - East of England Sugar beet Plot 011,Sugar beet,204000.00,2031-12-31,GB,52.747646,0.316371
PLOT-00196,Volcafe - Sao Paulo Coffee Plot 020,Coffee,399000.00,2031-12-31,BR,-21.540437,-46.814095
PLOT-00197,COFCO - Iowa Maize Plot 046,Maize,128000.00,2032-12-31,US,,
PLOT-00198,Neumann Kaffee - Sidama Coffee Plot 048,Coffee,579000.00,2031-12-31,ET,,
PLOT-00199,Cutrale - Valencia Citrus Plot 033,Citrus,675000.00,2031-12-31,ES,39.302906,-0.192450
PLOT-00200,Riceland - Suphan Buri Rice Plot 022,Rice,1215000.00,2032-12-31,TH,15.806096,100.558708
PLOT-00201,Touton - Western Cocoa Plot 067,Cocoa,815000.00,2029-12-31,GH,,
PLOT-00202,LT Foods - Mekong Delta Rice Plot 025,Rice,175000.00,2030-12-31,VN,10.410857,105.652767
PLOT-00203,ECOM - Sao Paulo Coffee Plot 087,Coffee,461000.00,2031-12-31,BR,-22.525778,-46.775438
PLOT-00204,LDC Coffee - Sao Paulo Coffee Plot 033,Coffee,348000.00,2029-12-31,BR,-22.304589,-47.245343
PLOT-00205,LT Foods - Arkansas Rice Plot 019,Rice,215000.00,2030-12-31,US,34.197410,-91.468277
PLOT-00206,Bunge - Aquitaine Maize Plot 055,Maize,945000.00,2030-12-31,FR,44.145308,0.543639
PLOT-00207,Olam Cocoa - Daloa Cocoa Plot 047,Cocoa,299000.00,2028-12-31,CI,6.956860,-6.174666
PLOT-00208,Sucafina - Huila Coffee Plot 060,Coffee,401000.00,2027-12-31,CO,,
PLOT-00209,Sucafina - Sao Paulo Coffee Plot 032,Coffee,464000.00,2028-12-31,BR,-22.119629,-46.745951
PLOT-00210,Cargill Grains - Beauce Wheat Plot 047,Wheat,1135000.00,2027-12-31,FR,47.917709,1.757295
PLOT-00211,Cemoi - Ashanti Cocoa Plot 077,Cocoa,751000.00,2027-12-31,GH,6.141912,-1.511453
PLOT-00212,Kernel - Braila Sunflower Plot 039,Sunflower,1209000.00,2030-12-31,RO,,
PLOT-00213,Sucafina - Minas Gerais Coffee Plot 064,Coffee,970000.00,2032-12-31,BR,-20.724732,-44.700723
PLOT-00214,Soufflet Malt - Alberta Barley Plot 019,Barley,86000.00,2028-12-31,CA,51.952684,-113.030366
PLOT-00215,Deoleo - Puglia Olive oil Plot 020,Olive oil,777000.00,2031-12-31,IT,40.851701,17.521739
PLOT-00216,Cargill Cocoa - Centre Cocoa Plot 005,Cocoa,81000.00,2027-12-31,CM,4.380459,11.723203
PLOT-00217,Cargill - Kirovohrad Sunflower Plot 006,Sunflower,780000.00,2029-12-31,UA,49.039183,31.921508
PLOT-00218,Raizen - Uttar Pradesh Cane sugar Plot 048,Cane sugar,1898000.00,2031-12-31,IN,,
PLOT-00219,Bunge - Cordoba Soybean Plot 017,Soybean,3030000.00,2027-12-31,AR,-30.933944,-63.305938
PLOT-00220,Olam Cocoa - Ashanti Cocoa Plot 032,Cocoa,446000.00,2028-12-31,GH,7.208664,-2.005047
PLOT-00221,Bunge - Iowa Soybean Plot 063,Soybean,1068000.00,2032-12-31,US,41.639883,-94.045887
PLOT-00222,Bunge - Iowa Maize Plot 014,Maize,908000.00,2031-12-31,US,41.561846,-93.157990
PLOT-00223,Raizen - Maharashtra Cane sugar Plot 022,Cane sugar,2307000.00,2027-12-31,IN,19.430975,74.816011
PLOT-00224,COFCO - Cordoba Soybean Plot 047,Soybean,2870000.00,2030-12-31,AR,-31.823470,-62.943575
PLOT-00225,Cargill Cocoa - Centre Cocoa Plot 070,Cocoa,669000.00,2030-12-31,CM,,
PLOT-00226,LDC - Aquitaine Maize Plot 053,Maize,921000.00,2029-12-31,FR,44.345990,-0.176730
PLOT-00227,Barry Callebaut - Guayas Cocoa Plot 073,Cocoa,165000.00,2029-12-31,EC,-1.968270,-79.773126
PLOT-00228,ADM - Nebraska Maize Plot 050,Maize,2330000.00,2027-12-31,US,41.085830,-98.871645
PLOT-00229,Olam Rice - Suphan Buri Rice Plot 004,Rice,333000.00,2027-12-31,TH,15.514965,100.907516
PLOT-00230,Bogus Country Plot,Coffee,310000.00,2030-12-31,,10.500000,38.200000
PLOT-00231,Malteurop - South Australia Barley Plot 008,Barley,674000.00,2027-12-31,AU,-34.479275,137.956663
PLOT-00232,Cargill Grains - Saskatchewan Wheat Plot 070,Wheat,1356000.00,2031-12-31,CA,51.165123,-105.922583
PLOT-00233,Cemoi - Ondo Cocoa Plot 006,Cocoa,448000.00,2028-12-31,NG,7.489252,5.143730
PLOT-00234,LDC Coffee - Minas Gerais Coffee Plot 021,Coffee,654000.00,2027-12-31,BR,-21.022128,-45.050167
PLOT-00235,Cargill Grains - Beauce Wheat Plot 044,Wheat,1570000.00,2032-12-31,FR,47.669168,1.847578
PLOT-00236,Cosun - Lower Saxony Sugar beet Plot 013,Sugar beet,397000.00,2028-12-31,DE,,
PLOT-00237,Citrosuco - Mpumalanga Citrus Plot 039,Citrus,679000.00,2031-12-31,ZA,-24.802915,31.037757
PLOT-00238,Cargill Grains - Buenos Aires Maize Plot 006,Maize,1616000.00,2029-12-31,AR,-32.688788,-62.074602
PLOT-00239,Cargill Cocoa - Centre Cocoa Plot 005,Cocoa,81000.00,2027-12-31,CM,4.380459,11.723203
PLOT-00240,Volcafe - Sao Paulo Coffee Plot 037,Coffee,82000.00,2030-12-31,BR,-22.364367,-46.747236
PLOT-00241,Cargill Cocoa - Centre Cocoa Plot 005,Cocoa,81000.00,2030-12-31,CM,4.380459,11.723203
PLOT-00242,LoBue - Nile Delta Citrus Plot 043,Citrus,1139000.00,2030-12-31,EG,30.529942,31.494468
PLOT-00243,COFCO - Cherkasy Maize Plot 045,Maize,1124000.00,2032-12-31,UA,49.076797,31.130696
PLOT-00244,Barry Callebaut - Western Cocoa Plot 008,Cocoa,627000.00,2028-12-31,GH,5.661263,-2.700859
PLOT-00245,Kernel - Kirovohrad Sunflower Plot 008,Sunflower,589000.00,2032-12-31,UA,48.467405,32.102954
PLOT-00246,ADM - Parana Soybean Plot 051,Soybean,2607000.00,2028-12-31,BR,-24.782122,-51.398399
PLOT-00247,Semouleries - Saskatchewan Durum wheat Plot 005,Durum wheat,692000.00,2028-12-31,CA,50.709179,-107.757290
PLOT-00248,Touton - Guayas Cocoa Plot 027,Cocoa,561000.00,2028-12-31,EC,-2.301988,-79.785340
PLOT-00249,Soufflet - Kansas Wheat Plot 068,Wheat,1824000.00,2030-12-31,US,38.924526,-97.701541
PLOT-00250,Deoleo - Alentejo Olive oil Plot 014,Olive oil,1186000.00,2028-12-31,PT,38.961926,-8.253060
PLOT-00251,LDC Coffee - Sidama Coffee Plot 012,Coffee,747000.00,2028-12-31,ET,7.248414,38.603463
PLOT-00252,Panzani - Saskatchewan Durum wheat Plot 029,Durum wheat,466000.00,2030-12-31,CA,50.720047,-107.317807
PLOT-00253,Indian River - Sao Paulo Citrus Plot 004,Citrus,408000.00,2030-12-31,BR,-21.432185,-48.539445
PLOT-00254,Bunge - Cordoba Soybean Plot 080,Soybean,1674000.00,2030-12-31,AR,-31.610378,-63.202280
PLOT-00255,Olam Almonds - Granada Almonds Plot 013,Almonds,1599000.00,2028-12-31,ES,36.490870,-3.173323
PLOT-00256,Amaggi - Santa Fe Soybean Plot 013,Soybean,2547000.00,2028-12-31,AR,-30.941618,-60.637291
PLOT-00257,Nordzucker - East of England Sugar beet Plot 010,Sugar beet,434000.00,2027-12-31,GB,,
PLOT-00258,Boortmalt - Alberta Barley Plot 035,Barley,375000.00,2032-12-31,CA,53.023562,-113.899993
PLOT-00259,Raizen - Maharashtra Cane sugar Plot 044,Cane sugar,1194000.00,2030-12-31,IN,19.445698,74.721145
PLOT-00260,LDC - Aquitaine Maize Plot 060,Maize,134000.00,2027-12-31,FR,44.334562,0.432352
PLOT-00261,Sucafina - Minas Gerais Coffee Plot 040,Coffee,1004000.00,2031-12-31,BR,-21.434511,-45.135736
PLOT-00262,Olam Cocoa - San-Pedro Cocoa Plot 002,Cocoa,174000.00,2027-12-31,CI,5.230649,-6.971494
PLOT-00263,De Cecco - Chaouia Durum wheat Plot 018,Durum wheat,737000.00,2031-12-31,MA,,
PLOT-00264,Barry Callebaut - Daloa Cocoa Plot 062,Cocoa,509000.00,2029-12-31,CI,7.358209,-6.794719
PLOT-00265,Cargill Cocoa - Daloa Cocoa Plot 074,Cocoa,599000.00,2029-12-31,CI,7.380791,-5.959545
PLOT-00266,Cargill Grains - Aquitaine Maize Plot 065,Maize,2300000.00,2032-12-31,FR,43.673255,-0.116668
PLOT-00267,ECOM - Dak Lak Coffee Plot 044,Coffee,390000.00,2029-12-31,VN,13.057435,108.360071
PLOT-00268,Boortmalt - Champagne Barley Plot 024,Barley,375000.00,2032-12-31,FR,49.028523,3.977945
PLOT-00269,Nordzucker - Minnesota Sugar beet Plot 022,Sugar beet,1030000.00,2028-12-31,US,47.387143,-96.934745
PLOT-00270,Mitr Phol - Nakhon Ratchasima Cane sugar Plot 037,Cane sugar,2615000.00,2031-12-31,TH,14.726428,101.808848
PLOT-00271,Olam Cocoa - Ondo Cocoa Plot 034,Cocoa,555000.00,2030-12-31,NG,6.764165,5.363630
PLOT-00272,Concha y Toro - Tuscany Wine grapes Plot 004,Wine grapes,538000.00,2027-12-31,IT,43.157249,11.738078
PLOT-00273,Sucafina - Minas Gerais Coffee Plot 054,Coffee,268000.00,2030-12-31,BR,-21.344289,-44.604514
PLOT-00274,ECOM - Sidama Coffee Plot 027,Coffee,1050000.00,2032-12-31,ET,7.018750,38.542377
PLOT-00275,Cemoi - Ondo Cocoa Plot 006,Cocoa,448000.00,2031-12-31,NG,7.489252,5.143730
PLOT-00276,Cutrale - Nile Delta Citrus Plot 040,Citrus,643000.00,2027-12-31,EG,,
PLOT-00277,Boortmalt - South Australia Barley Plot 009,Barley,1057000.00,2030-12-31,AU,-34.113804,138.700328
PLOT-00278,LDC Rice - Suphan Buri Rice Plot 030,Rice,667000.00,2030-12-31,TH,15.013497,100.914572
PLOT-00279,Bunge - Kirovohrad Sunflower Plot 032,Sunflower,1006000.00,2028-12-31,UA,48.234099,31.611375
PLOT-00280,Olam Cocoa - Ondo Cocoa Plot 035,Cocoa,534000.00,2032-12-31,NG,6.660726,4.701116
PLOT-00281,RPAC - Central Valley Almonds Plot 010,Almonds,1204000.00,2030-12-31,US,,
PLOT-00282,LDC Coffee - Comayagua Coffee Plot 055,Coffee,646000.00,2030-12-31,HN,14.869460,-87.744930
PLOT-00283,Sovena - Sfax Olive oil Plot 029,Olive oil,1169000.00,2030-12-31,TN,35.203777,9.704751
PLOT-00284,ADM - Aquitaine Maize Plot 062,Maize,1806000.00,2029-12-31,FR,44.214884,0.492977
PLOT-00285,Wilmar Sugar - Uttar Pradesh Cane sugar Plot 014,Cane sugar,419000.00,2030-12-31,IN,27.728033,79.629607
PLOT-00286,Olam Cocoa - Western Cocoa Plot 019,Cocoa,307000.00,2028-12-31,GH,5.044293,-2.194764
PLOT-00287,LDC - Andalucia Sunflower Plot 029,Sunflower,265000.00,2030-12-31,ES,36.982546,-4.595558
PLOT-00288,Citrosuco - Nile Delta Citrus Plot 038,Citrus,946000.00,2027-12-31,EG,30.275264,31.497432
PLOT-00289,Castel - Napa Wine grapes Plot 009,Wine grapes,685000.00,2032-12-31,US,38.261826,-121.902209
PLOT-00290,Viterra - Wheatbelt Wheat Plot 049,Wheat,519000.00,2029-12-31,AU,-31.324655,117.125741
PLOT-00291,Indian River - Valencia Citrus Plot 011,Citrus,1155000.00,2031-12-31,ES,39.872230,-1.007690
PLOT-00292,Cargill Grains - Iowa Maize Plot 029,Maize,2375000.00,2030-12-31,US,42.221896,-93.540896
PLOT-00293,Cargill Cocoa - Western Cocoa Plot 041,Cocoa,203000.00,2029-12-31,GH,6.043263,-2.826862
PLOT-00294,Volcafe - Huila Coffee Plot 034,Coffee,215000.00,2031-12-31,CO,3.020743,-75.333496
PLOT-00295,Olam Rice - Punjab Rice Plot 026,Rice,542000.00,2027-12-31,IN,30.812632,75.482229
PLOT-00296,Copersucar - Uttar Pradesh Cane sugar Plot 018,Cane sugar,2458000.00,2027-12-31,IN,,
PLOT-00297,Raizen - Nakhon Ratchasima Cane sugar Plot 015,Cane sugar,877000.00,2028-12-31,TH,15.302679,102.078732
PLOT-00298,Bunge - Kirovohrad Sunflower Plot 045,Sunflower,1271000.00,2029-12-31,UA,48.536806,31.891756
PLOT-00299,Tereos - Minnesota Sugar beet Plot 006,Sugar beet,368000.00,2031-12-31,US,47.769916,-96.088354
PLOT-00300,RPAC - Sunraysia Almonds Plot 014,Almonds,477000.00,2031-12-31,AU,-33.809360,141.808760
PLOT-00301,Amaggi - Santa Fe Soybean Plot 058,Soybean,3320000.00,2031-12-31,AR,-30.256326,-60.730369
PLOT-00302,AMC Group - Valencia Citrus Plot 017,Citrus,1549000.00,2027-12-31,ES,,
PLOT-00303,Bunge - Nouvelle-Aquitaine Sunflower Plot 005,Sunflower,395000.00,2032-12-31,FR,44.959872,0.305659
PLOT-00304,Cargill Grains - Wheatbelt Wheat Plot 054,Wheat,1422000.00,2030-12-31,AU,-31.528643,117.085890
PLOT-00305,LDC Coffee - Antioquia Coffee Plot 013,Coffee,1161000.00,2031-12-31,CO,6.508125,-75.796452
PLOT-00306,Select Harvests - Central Valley Almonds Plot 020,Almonds,1765000.00,2027-12-31,US,36.092640,-119.666521
PLOT-00307,Treasury Estates - Napa Wine grapes Plot 006,Wine grapes,482000.00,2027-12-31,US,,
PLOT-00308,GrainCorp - Kansas Wheat Plot 002,Wheat,971000.00,2029-12-31,US,38.838909,-98.049200
PLOT-00309,Borges - Peloponnese Olive oil Plot 011,Olive oil,284000.00,2030-12-31,GR,36.837820,21.540267
PLOT-00310,Volcafe - Sao Paulo Coffee Plot 007,Coffee,207000.00,2028-12-31,BR,-21.610727,-46.894760
PLOT-00311,Kernel - Braila Sunflower Plot 027,Sunflower,124000.00,2028-12-31,RO,44.213453,27.206705
PLOT-00312,Cemoi - San-Pedro Cocoa Plot 064,Cocoa,291000.00,2032-12-31,CI,5.028309,-7.178596
PLOT-00313,De Cecco - North Dakota Durum wheat Plot 023,Durum wheat,465000.00,2032-12-31,US,47.636289,-99.773873
PLOT-00314,ADM - Frontier Wheat Lot,Wheat,210000.00,2029-12-31,ZZ,49.010000,32.010000
PLOT-00315,LT Foods - Punjab Rice Plot 006,Rice,330000.00,2031-12-31,IN,30.163276,75.266055
PLOT-00316,Viterra - Alberta Barley Plot 031,Barley,142000.00,2029-12-31,CA,52.320899,-113.302224
PLOT-00317,Mitr Phol - Nakhon Ratchasima Cane sugar Plot 060,Cane sugar,2682000.00,2032-12-31,TH,14.801080,101.798341
PLOT-00318,ADM Durum - Chaouia Durum wheat Plot 003,Durum wheat,999000.00,2030-12-31,MA,32.711142,-7.626933
PLOT-00319,COFCO - Aquitaine Maize Plot 009,Maize,873000.00,2031-12-31,FR,44.245842,-0.047549
PLOT-00320,Neumann Kaffee - Comayagua Coffee Plot 081,Coffee,807000.00,2029-12-31,HN,14.457692,-87.953310
PLOT-00321,Barry Callebaut - Ashanti Cocoa Plot 001,Cocoa,546000.00,2029-12-31,GH,6.480172,-1.524363
PLOT-00322,COFCO - Iowa Maize Plot 064,Maize,1613000.00,2032-12-31,US,41.996822,-93.666017
PLOT-00323,British Sugar - East of England Sugar beet Plot 025,Sugar beet,804000.00,2031-12-31,GB,53.144172,0.053116
PLOT-00324,Riceland - Vercelli Rice Plot 016,Rice,402000.00,2028-12-31,IT,45.177430,8.637817
PLOT-00325,ADM Milling - Wheatbelt Wheat Plot 014,Wheat,2127000.00,2029-12-31,AU,-32.032012,117.167839
PLOT-00326,Concha y Toro - Napa Wine grapes Plot 013,Wine grapes,1887000.00,2032-12-31,US,,
PLOT-00327,LDC Coffee - Sao Paulo Coffee Plot 029,Coffee,491000.00,2027-12-31,BR,-21.634870,-47.431457
PLOT-00328,Neumann Kaffee - Huila Coffee Plot 038,Coffee,582000.00,2031-12-31,CO,2.959621,-75.280799
PLOT-00329,ADM - Iowa Maize Plot 039,Maize,2186000.00,2028-12-31,US,41.473540,-93.234742
PLOT-00330,Treasury Estates - Rioja Wine grapes Plot 003,Wine grapes,200000.00,2027-12-31,ES,42.467507,-2.651650
PLOT-00331,LDC - Nouvelle-Aquitaine Sunflower Plot 018,Sunflower,557000.00,2029-12-31,FR,45.145887,0.732588
PLOT-00332,Boortmalt - South Australia Barley Plot 006,Barley,509000.00,2031-12-31,AU,-34.385818,139.041748
PLOT-00333,Cemoi - Ashanti Cocoa Plot 007,Cocoa,770000.00,2028-12-31,GH,6.335089,-2.104342
PLOT-00334,Barry Callebaut - Ashanti Cocoa Plot 028,Cocoa,54000.00,2030-12-31,GH,7.064059,-1.440252
PLOT-00335,GrainCorp Malt - South Australia Barley Plot 007,Barley,333000.00,2031-12-31,AU,-34.257461,138.421147
PLOT-00336,GrainCorp - Kansas Wheat Plot 008,Wheat,933000.00,2030-12-31,US,38.715136,-97.977735
PLOT-00337,Viterra - Wheatbelt Wheat Plot 058,Wheat,1301000.00,2028-12-31,AU,,
PLOT-00338,Cargill Grains - Cherkasy Maize Plot 007,Maize,390000.00,2028-12-31,UA,49.357930,31.540792
PLOT-00339,LDC Rice - Punjab Rice Plot 040,Rice,551000.00,2032-12-31,IN,30.053164,75.104107
PLOT-00340,Mitr Phol - Sao Paulo Cane sugar Plot 011,Cane sugar,2724000.00,2031-12-31,BR,,
PLOT-00341,Viterra - East Anglia Barley Plot 034,Barley,708000.00,2029-12-31,GB,52.182951,1.267929
PLOT-00342,Tereos - Minnesota Sugar beet Plot 002,Sugar beet,1003000.00,2031-12-31,US,47.575413,-96.424312
PLOT-00343,Touton - Ondo Cocoa Plot 059,Cocoa,315000.00,2030-12-31,NG,6.643109,5.071684
PLOT-00344,Copersucar - Maharashtra Cane sugar Plot 019,Cane sugar,612000.00,2029-12-31,IN,19.508891,74.100218
PLOT-00345,Cargill Cocoa - Daloa Cocoa Plot 003,Cocoa,108000.00,2029-12-31,CI,6.588067,-6.028878
PLOT-00346,Terra Creta - Jaen Olive oil Plot 028,Olive oil,146000.00,2032-12-31,ES,37.635658,-4.150451
PLOT-00347,Barry Callebaut - Western Cocoa Plot 008,Cocoa,627000.00,2029-12-31,GH,5.661263,-2.700859
PLOT-00348,GrainCorp - Saskatchewan Wheat Plot 050,Wheat,1941000.00,2030-12-31,CA,51.367433,-105.517349
PLOT-00349,Cargill Cocoa - Daloa Cocoa Plot 049,Cocoa,441000.00,2027-12-31,CI,6.490390,-6.624444
PLOT-00350,Cargill Cocoa - Guayas Cocoa Plot 076,Cocoa,885000.00,2028-12-31,EC,-1.930804,-80.413179
PLOT-00351,Cargill Grains - Cherkasy Maize Plot 010,Maize,788000.00,2032-12-31,UA,49.646066,31.680661
PLOT-00352,ADM Durum - Saskatchewan Durum wheat Plot 002,Durum wheat,558000.00,2028-12-31,CA,50.403425,-107.561834
PLOT-00353,Cargill Grains - Buenos Aires Maize Plot 059,Maize,2046000.00,2027-12-31,AR,-32.929979,-61.944711
PLOT-00354,Sucafina - Comayagua Coffee Plot 083,Coffee,171000.00,2027-12-31,HN,14.607691,-88.411179
PLOT-00355,ECOM - Sao Paulo Coffee Plot 006,Coffee,1176000.00,2032-12-31,BR,-22.399163,-47.148594
PLOT-00356,Touton - San-Pedro Cocoa Plot 089,Cocoa,649000.00,2029-12-31,CI,4.617277,-6.307591
PLOT-00357,ADM Milling - Beauce Wheat Plot 046,Wheat,611000.00,2032-12-31,FR,48.381899,1.464704
PLOT-00358,Cargill Grains - Nebraska Maize Plot 042,Maize,1959000.00,2028-12-31,US,41.147015,-98.963199
PLOT-00359,Volcafe - Comayagua Coffee Plot 011,Coffee,599000.00,2027-12-31,HN,,
PLOT-00360,Cargill Cocoa - Ondo Cocoa Plot 084,Cocoa,229000.00,2030-12-31,NG,6.620002,4.633701
PLOT-00361,COFCO - Mato Grosso Soybean Plot 031,Soybean,2268000.00,2030-12-31,BR,-13.283139,-55.616851
PLOT-00362,Sovena - Peloponnese Olive oil Plot 009,Olive oil,556000.00,2032-12-31,GR,37.693772,22.345641
PLOT-00363,Amaggi - Mato Grosso Soybean Plot 007,Soybean,1045000.00,2031-12-31,BR,-12.815462,-55.829186
PLOT-00364,Cargill Grains - Mato Grosso Soybean Plot 016,Soybean,1434000.00,2031-12-31,BR,-12.985990,-55.527135
PLOT-00365,Cargill Grains - Buenos Aires Maize Plot 017,Maize,1481000.00,2029-12-31,AR,-32.937911,-62.540058
PLOT-00366,Kernel - Braila Sunflower Plot 007,Sunflower,802000.00,2031-12-31,RO,44.027191,26.462670
PLOT-00367,Amaggi - Iowa Soybean Plot 011,Soybean,2216000.00,2031-12-31,US,41.930296,-93.287243
PLOT-00368,Viterra - Saskatchewan Wheat Plot 065,Wheat,635000.00,2027-12-31,CA,51.202357,-106.434630
PLOT-00369,Bunge - Buenos Aires Maize Plot 023,Maize,1087000.00,2032-12-31,AR,-33.338567,-62.141734
PLOT-00370,De Cecco - Saskatchewan Durum wheat Plot 012,Durum wheat,345000.00,2027-12-31,CA,50.225273,-107.060015
PLOT-00371,EID Parry - Nakhon Ratchasima Cane sugar Plot 002,Cane sugar,901000.00,2032-12-31,TH,14.648529,102.076477
PLOT-00372,Cargill Grains - Mato Grosso Soybean Plot 060,Soybean,652000.00,2028-12-31,BR,-13.240347,-56.268635
PLOT-00373,Olam Cocoa - Ondo Cocoa Plot 009,Cocoa,137000.00,2027-12-31,NG,6.664984,5.105610
PLOT-00374,Tereos - Minnesota Sugar beet Plot 009,Sugar beet,374000.00,2029-12-31,US,47.044795,-96.576646
PLOT-00375,De Cecco - Chaouia Durum wheat Plot 022,Durum wheat,415000.00,2031-12-31,MA,32.919758,-7.823544
PLOT-00376,COFCO - Aquitaine Maize Plot 033,Maize,172000.00,2029-12-31,FR,43.878513,-0.308674
PLOT-00377,Cargill Grains - Cherkasy Maize Plot 022,Maize,425000.00,2029-12-31,UA,,
PLOT-00378,AMC Group - Florida Citrus Plot 044,Citrus,1329000.00,2029-12-31,US,27.317964,-81.634093
PLOT-00379,Bunge - La Pampa Sunflower Plot 025,Sunflower,1288000.00,2028-12-31,AR,-35.669086,-64.201892
PLOT-00380,Soufflet Malt - Champagne Barley Plot 033,Barley,772000.00,2029-12-31,FR,49.262451,3.754903
PLOT-00381,Treasury Estates - Rioja Wine grapes Plot 016,Wine grapes,1058000.00,2029-12-31,ES,42.357738,-1.968176
PLOT-00382,Castel - Rioja Wine grapes Plot 001,Wine grapes,248000.00,2032-12-31,ES,42.224347,-2.114844
PLOT-00383,Treasury Estates - Barossa Wine grapes Plot 023,Wine grapes,647000.00,2032-12-31,AU,-34.046926,139.437268
PLOT-00384,EID Parry - Uttar Pradesh Cane sugar Plot 038,Cane sugar,1415000.00,2029-12-31,IN,28.002179,79.866048
PLOT-00385,Sovena - Jaen Olive oil Plot 016,Olive oil,301000.00,2031-12-31,ES,37.857485,-3.600513
PLOT-00386,LoBue - Sao Paulo Citrus Plot 007,Citrus,1043000.00,2030-12-31,BR,-21.462691,-48.677547
PLOT-00387,Barry Callebaut - Western Cocoa Plot 082,Cocoa,631000.00,2028-12-31,GH,5.502679,-2.396421
PLOT-00388,E&J Gallo Sourcing - Napa Wine grapes Plot 011,Wine grapes,673000.00,2029-12-31,US,38.529277,-122.343978
PLOT-00389,Bunge - Mato Grosso Maize Plot 025,Maize,843000.00,2032-12-31,BR,,
PLOT-00390,Raizen - Maharashtra Cane sugar Plot 027,Cane sugar,844000.00,2030-12-31,IN,19.854297,74.623316
PLOT-00391,Volcafe - Comayagua Coffee Plot 045,Coffee,973000.00,2032-12-31,HN,14.185145,-88.420561
PLOT-00392,Bogus Country Plot,Coffee,310000.00,2027-12-31,,10.500000,38.200000
PLOT-00393,ADM - Iowa Soybean Plot 004,Soybean,1555000.00,2027-12-31,US,42.353677,-93.530355
PLOT-00394,Raizen - Nakhon Ratchasima Cane sugar Plot 008,Cane sugar,1856000.00,2028-12-31,TH,,
PLOT-00395,COFCO - Buenos Aires Maize Plot 004,Maize,1437000.00,2029-12-31,AR,-32.573170,-62.464819
PLOT-00396,Soufflet Malt - South Australia Barley Plot 003,Barley,390000.00,2029-12-31,AU,-34.858712,138.609586
PLOT-00397,Sucafina - Dak Lak Coffee Plot 056,Coffee,650000.00,2027-12-31,VN,12.203350,108.576582
PLOT-00398,ECOM - Sidama Coffee Plot 058,Coffee,828000.00,2030-12-31,ET,,
PLOT-00399,Touton - Centre Cocoa Plot 030,Cocoa,597000.00,2030-12-31,CM,3.996220,11.484841
PLOT-00400,LDC - Buenos Aires Maize Plot 044,Maize,1797000.00,2032-12-31,AR,-32.883981,-62.327846
PLOT-00401,Viterra - Kansas Wheat Plot 001,Wheat,2121000.00,2027-12-31,US,38.717954,-98.407789
PLOT-00402,Cutrale - Nile Delta Citrus Plot 005,Citrus,1472000.00,2029-12-31,EG,31.009994,30.919509
PLOT-00403,Semouleries - Konya Durum wheat Plot 025,Durum wheat,889000.00,2032-12-31,TR,37.977613,34.955261
PLOT-00404,De Cecco - Saskatchewan Durum wheat Plot 004,Durum wheat,896000.00,2031-12-31,CA,50.445983,-107.824686
PLOT-00405,Barilla Grani - Foggia Durum wheat Plot 028,Durum wheat,876000.00,2028-12-31,IT,41.339956,15.717827
PLOT-00406,Touton - Ondo Cocoa Plot 078,Cocoa,167000.00,2027-12-31,NG,6.685485,5.083861
PLOT-00407,Olam Cocoa - Western Cocoa Plot 016,Cocoa,757000.00,2029-12-31,GH,5.692641,-2.450089
PLOT-00408,Tereos - Flevoland Sugar beet Plot 007,Sugar beet,1025000.00,2028-12-31,NL,52.406112,5.466884
PLOT-00409,De Cecco - North Dakota Durum wheat Plot 016,Durum wheat,1018000.00,2031-12-31,US,47.834291,-100.025689
PLOT-00410,Concha y Toro - Bordeaux Wine grapes Plot 010,Wine grapes,1964000.00,2030-12-31,FR,44.356975,-0.995178
PLOT-00411,COFCO - Iowa Soybean Plot 061,Soybean,1721000.00,2027-12-31,US,41.650803,-93.224735
PLOT-00412,Panzani - Konya Durum wheat Plot 024,Durum wheat,1162000.00,2032-12-31,TR,37.101591,34.925713
PLOT-00413,Bunge - Illinois Soybean Plot 033,Soybean,3495000.00,2029-12-31,US,39.848089,-88.644110
PLOT-00414,GrainCorp - Kansas Wheat Plot 034,Wheat,659000.00,2029-12-31,US,38.131252,-97.488964
PLOT-00415,Riceland - Punjab Rice Plot 001,Rice,244000.00,2032-12-31,IN,30.569482,75.542132
PLOT-00416,Barry Callebaut - San-Pedro Cocoa Plot 015,Cocoa,45000.00,2031-12-31,CI,4.906079,-6.716733
PLOT-00417,Cargill Grains - Beauce Wheat Plot 003,Wheat,684000.00,2027-12-31,FR,48.730416,1.477719
PLOT-00418,Boortmalt - South Australia Barley Plot 018,Barley,919000.00,2030-12-31,AU,-34.350679,138.561714
PLOT-00419,Cargill Cocoa - Centre Cocoa Plot 005,Cocoa,81000.00,2032-12-31,CM,4.380459,11.723203
PLOT-00420,Copersucar - Queensland Cane sugar Plot 033,Cane sugar,2647000.00,2030-12-31,AU,-19.419369,146.779348
PLOT-00421,Sucafina - Sidama Coffee Plot 079,Coffee,46000.00,2029-12-31,ET,6.574783,38.565569
PLOT-00422,LDC - Aquitaine Maize Plot 002,Maize,883000.00,2031-12-31,FR,44.183750,-0.010666
PLOT-00423,Blue Diamond - Central Valley Almonds Plot 024,Almonds,1840000.00,2028-12-31,US,36.874028,-119.797231
PLOT-00424,Wilmar Sugar - Nakhon Ratchasima Cane sugar Plot 029,Cane sugar,796000.00,2029-12-31,TH,15.137549,102.378647
PLOT-00425,Sucafina - Sao Paulo Coffee Plot 084,Coffee,241000.00,2029-12-31,BR,-22.404803,-47.335950
PLOT-00426,Cargill Cocoa - Daloa Cocoa Plot 003,Cocoa,108000.00,2031-12-31,CI,6.588067,-6.028878
PLOT-00427,Olam Cocoa - San-Pedro Cocoa Plot 002,Cocoa,174000.00,2031-12-31,CI,5.230649,-6.971494
PLOT-00428,Terra Creta - Jaen Olive oil Plot 005,Olive oil,398000.00,2029-12-31,ES,37.397295,-4.319583
PLOT-00429,LDC Coffee - Sao Paulo Coffee Plot 025,Coffee,382000.00,2028-12-31,BR,-21.778875,-47.364915
PLOT-00430,Viterra - Champagne Barley Plot 013,Barley,453000.00,2029-12-31,FR,49.208029,3.961812
PLOT-00431,Cargill Cocoa - Daloa Cocoa Plot 003,Cocoa,108000.00,2029-12-31,CI,6.588067,-6.028878
PLOT-00432,Neumann Kaffee - Comayagua Coffee Plot 014,Coffee,498000.00,2030-12-31,HN,14.117578,-87.812290
PLOT-00433,Mitr Phol - Nakhon Ratchasima Cane sugar Plot 020,Cane sugar,2516000.00,2029-12-31,TH,14.885788,101.754347
PLOT-00434,Cargill Grains - Iowa Soybean Plot 049,Soybean,1898000.00,2028-12-31,US,42.373501,-94.046685
PLOT-00435,Borges - Sunraysia Almonds Plot 001,Almonds,960000.00,2031-12-31,AU,-33.704556,141.863025
PLOT-00436,Riceland - Vercelli Rice Plot 014,Rice,417000.00,2031-12-31,IT,45.538994,8.617327
PLOT-00437,Borges - Jaen Olive oil Plot 034,Olive oil,514000.00,2028-12-31,ES,37.854548,-3.669856
PLOT-00438,Copersucar - Uttar Pradesh Cane sugar Plot 039,Cane sugar,2534000.00,2031-12-31,IN,27.038719,78.976198
PLOT-00439,Citrosuco - Nile Delta Citrus Plot 012,Citrus,1439000.00,2030-12-31,EG,30.924608,31.071207
PLOT-00440,Treasury Estates - Bordeaux Wine grapes Plot 014,Wine grapes,1619000.00,2028-12-31,FR,44.626887,-0.196924
PLOT-00441,Boortmalt - East Anglia Barley Plot 011,Barley,211000.00,2032-12-31,GB,52.313001,1.019887
PLOT-00442,Cargill Cocoa - Ondo Cocoa Plot 025,Cocoa,379000.00,2027-12-31,NG,7.491295,4.994326
PLOT-00443,Amaggi - Parana Soybean Plot 057,Soybean,2638000.00,2031-12-31,BR,-24.450374,-51.356920
PLOT-00444,Citrosuco - Nile Delta Citrus Plot 015,Citrus,1593000.00,2032-12-31,EG,30.789535,31.069947
PLOT-00445,GrainCorp - Poltava Wheat Plot 052,Wheat,1765000.00,2027-12-31,UA,49.445698,31.650994
PLOT-00446,Bunge - Nouvelle-Aquitaine Sunflower Plot 022,Sunflower,1147000.00,2031-12-31,FR,45.064316,0.862428
PLOT-00447,Sucafina - Sidama Coffee Plot 077,Coffee,441000.00,2029-12-31,ET,7.134117,38.542359
PLOT-00448,Olam Almonds - Sunraysia Almonds Plot 003,Almonds,705000.00,2028-12-31,AU,,
PLOT-00449,Cargill Grains - Santa Fe Soybean Plot 036,Soybean,830000.00,2030-12-31,AR,-30.338566,-60.596832
PLOT-00450,De Cecco - Saskatchewan Durum wheat Plot 011,Durum wheat,549000.00,2032-12-31,CA,50.031115,-107.931497
PLOT-00451,LoBue - Nile Delta Citrus Plot 036,Citrus,1492000.00,2032-12-31,EG,31.015814,31.261099
PLOT-00452,E&J Gallo Sourcing - Rioja Wine grapes Plot 026,Wine grapes,140000.00,2027-12-31,ES,42.391412,-2.159839
PLOT-00453,Mitr Phol - Sao Paulo Cane sugar Plot 031,Cane sugar,1380000.00,2029-12-31,BR,-21.736131,-48.557317
PLOT-00454,ECOM - Sidama Coffee Plot 008,Coffee,979000.00,2028-12-31,ET,7.181747,38.502369
PLOT-00455,Cargill - La Pampa Sunflower Plot 014,Sunflower,1182000.00,2032-12-31,AR,-35.995482,-64.510201
PLOT-00456,Mitr Phol - Nakhon Ratchasima Cane sugar Plot 001,Cane sugar,243000.00,2027-12-31,TH,14.568251,102.386692
PLOT-00457,Cargill Grains - Cordoba Soybean Plot 068,Soybean,235000.00,2030-12-31,AR,,
PLOT-00458,Barilla Grani - Foggia Durum wheat Plot 008,Durum wheat,837000.00,2027-12-31,IT,41.424407,15.352863
PLOT-00459,Riceland - Suphan Buri Rice Plot 003,Rice,474000.00,2029-12-31,TH,15.523017,100.448530
PLOT-00460,Copersucar - Maharashtra Cane sugar Plot 052,Cane sugar,2441000.00,2030-12-31,IN,18.992186,74.848416
PLOT-00461,COFCO - Illinois Soybean Plot 027,Soybean,2586000.00,2031-12-31,US,40.250905,-89.103291
PLOT-00462,Cargill Grains - Mato Grosso Soybean Plot 045,Soybean,2705000.00,2029-12-31,BR,-12.691060,-55.854585
PLOT-00463,Riceland - Suphan Buri Rice Plot 002,Rice,1396000.00,2027-12-31,TH,15.404451,100.727060
PLOT-00464,E&J Gallo Sourcing - Barossa Wine grapes Plot 022,Wine grapes,1660000.00,2030-12-31,AU,,
PLOT-00465,Olam Cocoa - San-Pedro Cocoa Plot 002,Cocoa,174000.00,2028-12-31,CI,5.230649,-6.971494
PLOT-00466,Raizen - Big Cane Block (point only),Cane sugar,1400000.00,2032-12-31,BR,,
PLOT-00467,Cargill Cocoa - Daloa Cocoa Plot 022,Cocoa,709000.00,2028-12-31,CI,6.988030,-6.812421
PLOT-00468,Sucafina - Sao Paulo Coffee Plot 039,Coffee,989000.00,2028-12-31,BR,-21.660862,-46.579240
PLOT-00469,Cemoi - Western Cocoa Plot 045,Cocoa,384000.00,2027-12-31,GH,5.489477,-1.898830
PLOT-00470,Amaggi - Cordoba Soybean Plot 066,Soybean,372000.00,2031-12-31,AR,-31.617543,-63.378598
PLOT-00471,Copersucar - Maharashtra Cane sugar Plot 025,Cane sugar,2403000.00,2029-12-31,IN,19.407227,74.491403
PLOT-00472,Viterra - Saskatchewan Wheat Plot 013,Wheat,1937000.00,2027-12-31,CA,,
PLOT-00473,AMC Group - Sao Paulo Citrus Plot 042,Citrus,785000.00,2027-12-31,BR,,
PLOT-00474,Cemoi - Daloa Cocoa Plot 029,Cocoa,593000.00,2031-12-31,CI,7.147222,-6.948031
PLOT-00475,Soufflet Malt - South Australia Barley Plot 026,Barley,726000.00,2027-12-31,AU,-34.064690,138.684238
PLOT-00476,Cargill - Nouvelle-Aquitaine Sunflower Plot 038,Sunflower,738000.00,2028-12-31,FR,45.781742,0.767699
PLOT-00477,Kernel - Braila Sunflower Plot 047,Sunflower,341000.00,2031-12-31,RO,45.018636,27.191377
PLOT-00478,Bunge - Aquitaine Maize Plot 068,Maize,856000.00,2027-12-31,FR,44.521858,-0.491748
PLOT-00479,Cemoi - Daloa Cocoa Plot 055,Cocoa,288000.00,2031-12-31,CI,6.795295,-6.797811
PLOT-00480,EID Parry - Uttar Pradesh Cane sugar Plot 059,Cane sugar,2506000.00,2028-12-31,IN,27.510448,79.762382
PLOT-00481,Touton - Ashanti Cocoa Plot 038,Cocoa,177000.00,2030-12-31,GH,6.196638,-1.326961
PLOT-00482,Cargill - Kirovohrad Sunflower Plot 009,Sunflower,325000.00,2031-12-31,UA,48.306334,31.607692
PLOT-00483,Cemoi - Guayas Cocoa Plot 080,Cocoa,409000.00,2032-12-31,EC,,
PLOT-00484,Borges - Jaen Olive oil Plot 039,Olive oil,178000.00,2028-12-31,ES,38.018839,-3.403445
PLOT-00485,Barry Callebaut - Centre Cocoa Plot 050,Cocoa,114000.00,2028-12-31,CM,4.149115,11.615395
PLOT-00486,GrainCorp - Kansas Wheat Plot 023,Wheat,1815000.00,2031-12-31,US,37.976925,-98.254258
PLOT-00487,Olam Rice - Punjab Rice Plot 018,Rice,1225000.00,2032-12-31,IN,30.903915,75.439730
PLOT-00488,CHO - Alentejo Olive oil Plot 025,Olive oil,860000.00,2032-12-31,PT,38.170311,-8.292913
PLOT-00489,Cemoi - Ashanti Cocoa Plot 046,Cocoa,739000.00,2031-12-31,GH,7.041953,-1.195393
PLOT-00490,CHO - Alentejo Olive oil Plot 038,Olive oil,666000.00,2028-12-31,PT,38.316387,-7.961115
PLOT-00491,LoBue - Mpumalanga Citrus Plot 028,Citrus,365000.00,2028-12-31,ZA,-24.749677,31.475691
PLOT-00492,ADM - Mato Grosso Maize Plot 027,Maize,1473000.00,2030-12-31,BR,-12.965920,-55.948467
PLOT-00493,E&J Gallo Sourcing - Tuscany Wine grapes Plot 021,Wine grapes,1376000.00,2032-12-31,IT,43.508925,11.276267
PLOT-00494,Borges - Jaen Olive oil Plot 026,Olive oil,538000.00,2027-12-31,ES,38.049712,-3.770495
PLOT-00495,Pernod Ricard Vin - Rioja Wine grapes Plot 012,Wine grapes,450000.00,2028-12-31,ES,41.975210,-2.332373
PLOT-00496,Sucafina - Sao Paulo Coffee Plot 080,Coffee,699000.00,2031-12-31,BR,-22.317825,-46.956319
PLOT-00497,Cargill Grains - Iowa Soybean Plot 050,Soybean,2372000.00,2029-12-31,US,42.256559,-93.356381
PLOT-00498,RPAC - Sunraysia Almonds Plot 011,Almonds,1774000.00,2032-12-31,AU,-34.701352,142.177433
PLOT-00499,Olam Cocoa - San-Pedro Cocoa Plot 075,Cocoa,716000.00,2032-12-31,CI,,
PLOT-00500,Touton - Daloa Cocoa Plot 061,Cocoa,95000.00,2031-12-31,CI,7.258192,-6.882199
PLOT-00501,GrainCorp - Wheatbelt Wheat Plot 064,Wheat,1062000.00,2030-12-31,AU,,
PLOT-00502,Neumann Kaffee - Dak Lak Coffee Plot 076,Coffee,1138000.00,2028-12-31,VN,12.813181,107.847492
PLOT-00503,Viterra - Bavaria Barley Plot 005,Barley,113000.00,2028-12-31,DE,48.311608,11.601761
PLOT-00504,Cargill Grains - Mato Grosso Maize Plot 040,Maize,812000.00,2027-12-31,BR,-13.105338,-55.528744
PLOT-00505,Bunge - Buenos Aires Maize Plot 024,Maize,1671000.00,2032-12-31,AR,-33.525706,-62.154495
PLOT-00506,Viterra - Kansas Wheat Plot 015,Wheat,543000.00,2029-12-31,US,38.455630,-97.833575
PLOT-00507,Cargill Grains - Saskatchewan Wheat Plot 057,Wheat,390000.00,2032-12-31,CA,,
PLOT-00508,Soufflet Malt - South Australia Barley Plot 017,Barley,723000.00,2030-12-31,AU,-33.965719,138.642229
PLOT-00509,Riceland - Arkansas Rice Plot 028,Rice,169000.00,2028-12-31,US,34.883138,-91.100382
PLOT-00510,Touton - Centre Cocoa Plot 023,Cocoa,451000.00,2032-12-31,CM,4.312095,11.465150
PLOT-00511,Olam Cocoa - Ondo Cocoa Plot 060,Cocoa,411000.00,2027-12-31,NG,6.786308,4.851519
PLOT-00512,Sucafina - Huila Coffee Plot 068,Coffee,599000.00,2031-12-31,CO,2.928262,-75.638896
PLOT-00513,Cargill - Kirovohrad Sunflower Plot 036,Sunflower,65000.00,2031-12-31,UA,48.570414,32.166806
PLOT-00514,Citrosuco - Nile Delta Citrus Plot 003,Citrus,750000.00,2029-12-31,EG,30.534516,31.200565
PLOT-00515,Olam Cocoa - Western Cocoa Plot 072,Cocoa,205000.00,2030-12-31,GH,5.282396,-1.802537
PLOT-00516,Tereos - Minnesota Sugar beet Plot 021,Sugar beet,857000.00,2027-12-31,US,47.915385,-96.335071
PLOT-00517,Ebro Foods - Suphan Buri Rice Plot 020,Rice,381000.00,2030-12-31,TH,15.601404,100.973657
PLOT-00518,Viterra - Wheatbelt Wheat Plot 022,Wheat,580000.00,2027-12-31,AU,-31.473323,116.985572
PLOT-00519,Sovena - Alentejo Olive oil Plot 004,Olive oil,990000.00,2027-12-31,PT,38.881190,-7.604720
PLOT-00520,Bunge - Mato Grosso Soybean Plot 064,Soybean,1420000.00,2031-12-31,BR,-12.623148,-56.068122
PLOT-00521,LDC - Mato Grosso Maize Plot 008,Maize,1720000.00,2028-12-31,BR,-13.289032,-55.238359
PLOT-00522,Touton - Western Cocoa Plot 037,Cocoa,663000.00,2032-12-31,GH,5.009438,-1.868430
PLOT-00523,Soufflet Malt - South Australia Barley Plot 016,Barley,433000.00,2027-12-31,AU,-34.404905,138.761298
PLOT-00524,Cargill Grains - Mato Grosso Maize Plot 015,Maize,2357000.00,2031-12-31,BR,-13.413065,-55.595509
PLOT-00525,Cargill Grains - Aquitaine Maize Plot 019,Maize,1301000.00,2028-12-31,FR,44.519474,-0.043698
PLOT-00526,Bogus Country Plot,Coffee,310000.00,2031-12-31,,10.500000,38.200000
PLOT-00527,Cargill Grains - Wheatbelt Wheat Plot 053,Wheat,984000.00,2029-12-31,AU,-31.336992,117.469174
PLOT-00528,Cutrale - Mpumalanga Citrus Plot 027,Citrus,369000.00,2029-12-31,ZA,-24.800131,31.361217
PLOT-00529,Bunge - Parana Soybean Plot 079,Soybean,1765000.00,2030-12-31,BR,-24.389083,-51.930593
PLOT-00530,COFCO - Iowa Maize Plot 032,Maize,1842000.00,2032-12-31,US,41.745893,-93.764529
PLOT-00531,Amaggi - Iowa Soybean Plot 067,Soybean,1483000.00,2029-12-31,US,,
PLOT-00532,Wilmar Sugar - Maharashtra Cane sugar Plot 034,Cane sugar,157000.00,2030-12-31,IN,18.955357,74.385842
PLOT-00533,Amaggi - Iowa Soybean Plot 029,Soybean,2673000.00,2029-12-31,US,41.576292,-93.751717
PLOT-00534,Sovena - Sfax Olive oil Plot 007,Olive oil,788000.00,2029-12-31,TN,35.216903,10.473959
PLOT-00535,Volcafe - Sao Paulo Coffee Plot 049,Coffee,417000.00,2031-12-31,BR,-22.418932,-47.244743
PLOT-00536,LDC Coffee - Sidama Coffee Plot 089,Coffee,513000.00,2030-12-31,ET,6.368962,38.728796
PLOT-00537,Boortmalt - Bavaria Barley Plot 021,Barley,519000.00,2028-12-31,DE,48.530592,11.655124
PLOT-00538,ADM - Buenos Aires Maize Plot 063,Maize,314000.00,2027-12-31,AR,-33.508483,-62.304590
PLOT-00539,Soufflet - Kansas Wheat Plot 004,Wheat,729000.00,2027-12-31,US,38.503245,-97.472128
PLOT-00540,Bunge - Cordoba Soybean Plot 053,Soybean,1209000.00,2032-12-31,AR,-31.424670,-63.646869
PLOT-00541,Raizen - Maharashtra Cane sugar Plot 035,Cane sugar,2061000.00,2031-12-31,IN,19.817179,73.982611
PLOT-00542,Volcafe - Antioquia Coffee Plot 086,Coffee,181000.00,2031-12-31,CO,6.221135,-75.788562
PLOT-00543,Volcafe - Antioquia Coffee Plot 078,Coffee,1160000.00,2028-12-31,CO,6.487452,-75.434767
PLOT-00544,Cargill Cocoa - Daloa Cocoa Plot 003,Cocoa,108000.00,2028-12-31,CI,6.588067,-6.028878
PLOT-00545,LDC - Buenos Aires Maize Plot 013,Maize,1243000.00,2032-12-31,AR,-33.411927,-61.970119
PLOT-00546,Barry Callebaut - Western Cocoa Plot 008,Cocoa,627000.00,2030-12-31,GH,5.661263,-2.700859
PLOT-00547,Nordzucker - Picardy Sugar beet Plot 019,Sugar beet,820000.00,2030-12-31,FR,,
PLOT-00548,Indian River - Florida Citrus Plot 026,Citrus,545000.00,2031-12-31,US,27.154669,-81.605983
PLOT-00549,Amaggi - Illinois Soybean Plot 005,Soybean,1540000.00,2032-12-31,US,39.474878,-88.969768
PLOT-00550,Cargill Grains - Mato Grosso Soybean Plot 023,Soybean,3238000.00,2030-12-31,BR,-13.351274,-55.550341
PLOT-00551,LDC - Aquitaine Maize Plot 056,Maize,882000.00,2030-12-31,FR,44.257450,-0.381300
PLOT-00552,Olam Cocoa - Ondo Cocoa Plot 009,Cocoa,137000.00,2029-12-31,NG,6.664984,5.105610
PLOT-00553,Olam Cocoa - San-Pedro Cocoa Plot 010,Cocoa,739000.00,2029-12-31,CI,4.920227,-6.942875
PLOT-00554,De Cecco - North Dakota Durum wheat Plot 014,Durum wheat,1185000.00,2032-12-31,US,48.007370,-100.346782
PLOT-00555,LDC Coffee - Dak Lak Coffee Plot 088,Coffee,1029000.00,2031-12-31,VN,12.442954,107.866640
PLOT-00556,COFCO - Santa Fe Soybean Plot 076,Soybean,355000.00,2027-12-31,AR,-31.227689,-61.011391
PLOT-00557,COFCO - Parana Soybean Plot 022,Soybean,1056000.00,2030-12-31,BR,-24.546564,-51.832487
PLOT-00558,Cargill Grains - Saskatchewan Wheat Plot 010,Wheat,2142000.00,2029-12-31,CA,50.887550,-106.353443
PLOT-00559,Riceland - Arkansas Rice Plot 017,Rice,1454000.00,2028-12-31,US,34.443818,-92.023789
PLOT-00560,CHO - Jaen Olive oil Plot 023,Olive oil,413000.00,2030-12-31,ES,37.996386,-3.930413
PLOT-00561,Olam Almonds - Central Valley Almonds Plot 006,Almonds,1815000.00,2030-12-31,US,36.032078,-119.768885
PLOT-00562,Cutrale - Sao Paulo Citrus Plot 019,Citrus,354000.00,2028-12-31,BR,-20.758962,-48.391624
PLOT-00563,Mitr Phol - Nakhon Ratchasima Cane sugar Plot 017,Cane sugar,820000.00,2031-12-31,TH,14.497420,101.709604
PLOT-00564,Cargill - Kirovohrad Sunflower Plot 004,Sunflower,1203000.00,2032-12-31,UA,48.018742,32.272374
PLOT-00565,Olam Almonds - Central Valley Almonds Plot 005,Almonds,607000.00,2028-12-31,US,36.969266,-119.982093
PLOT-00566,Soufflet - Poltava Wheat Plot 043,Wheat,1446000.00,2030-12-31,UA,49.474881,32.312921
PLOT-00567,Panzani - North Dakota Durum wheat Plot 020,Durum wheat,137000.00,2027-12-31,US,47.951181,-99.505186
PLOT-00568,Pernod Ricard Vin - Barossa Wine grapes Plot 028,Wine grapes,959000.00,2029-12-31,AU,-34.466183,139.424958
PLOT-00569,ADM Durum - North Dakota Durum wheat Plot 013,Durum wheat,494000.00,2029-12-31,US,47.530554,-100.227718
PLOT-00570,Cargill Grains - Illinois Soybean Plot 001,Soybean,1294000.00,2029-12-31,US,40.078982,-89.170636
PLOT-00571,ADM Milling - Saskatchewan Wheat Plot 009,Wheat,483000.00,2029-12-31,CA,51.532904,-106.042969
PLOT-00572,Cargill Grains - Mato Grosso Soybean Plot 062,Soybean,1707000.00,2030-12-31,BR,-13.288967,-55.830612
PLOT-00573,Soufflet Malt - Bavaria Barley Plot 002,Barley,299000.00,2027-12-31,DE,48.282283,11.371172
PLOT-00574,Cemoi - Ashanti Cocoa Plot 007,Cocoa,770000.00,2030-12-31,GH,6.335089,-2.104342
PLOT-00575,ADM - Santa Fe Soybean Plot 024,Soybean,167000.00,2029-12-31,AR,-31.067452,-61.301815
PLOT-00576,ADM - Santa Fe Soybean Plot 056,Soybean,324000.00,2028-12-31,AR,-30.316771,-60.808655
PLOT-00577,AMC Group - Florida Citrus Plot 029,Citrus,617000.00,2029-12-31,US,27.148778,-81.233405
PLOT-00578,Soufflet - Saskatchewan Wheat Plot 041,Wheat,1778000.00,2030-12-31,CA,50.770639,-106.453662
PLOT-00579,COFCO - Buenos Aires Maize Plot 018,Maize,2102000.00,2028-12-31,AR,-32.856289,-61.492109
PLOT-00580,Cargill Grains - Aquitaine Maize Plot 034,Maize,2320000.00,2032-12-31,FR,,
PLOT-00581,Cosun - East of England Sugar beet Plot 004,Sugar beet,730000.00,2030-12-31,GB,52.729454,0.552777
PLOT-00582,Bunge - Braila Sunflower Plot 012,Sunflower,1059000.00,2029-12-31,RO,43.964915,26.948784
PLOT-00583,Terra Creta - Jaen Olive oil Plot 033,Olive oil,1218000.00,2030-12-31,ES,38.334334,-3.578571
PLOT-00584,LDC Coffee - Huila Coffee Plot 051,Coffee,637000.00,2029-12-31,CO,2.982302,-75.245641
PLOT-00585,Olam Cocoa - San-Pedro Cocoa Plot 017,Cocoa,754000.00,2029-12-31,CI,4.304265,-6.281537
PLOT-00586,AMC Group - Sao Paulo Citrus Plot 035,Citrus,264000.00,2028-12-31,BR,-20.681230,-48.618746
PLOT-00587,Deoleo - Sfax Olive oil Plot 041,Olive oil,584000.00,2031-12-31,TN,34.961224,9.903859
PLOT-00588,Riceland - Suphan Buri Rice Plot 005,Rice,1001000.00,2032-12-31,TH,15.652043,100.743792
PLOT-00589,LDC Coffee - Dak Lak Coffee Plot 043,Coffee,860000.00,2032-12-31,VN,13.158440,107.957426
PLOT-00590,Borges - Alentejo Olive oil Plot 018,Olive oil,1224000.00,2032-12-31,PT,38.266940,-7.649196
PLOT-00591,Concha y Toro - Barossa Wine grapes Plot 008,Wine grapes,1373000.00,2028-12-31,AU,-33.986114,138.931068
PLOT-00592,Semouleries - North Dakota Durum wheat Plot 006,Durum wheat,662000.00,2030-12-31,US,47.840787,-99.780021
PLOT-00593,RPAC - Granada Almonds Plot 016,Almonds,594000.00,2032-12-31,ES,37.006215,-2.973483
PLOT-00594,Olam Cocoa - San-Pedro Cocoa Plot 036,Cocoa,243000.00,2029-12-31,CI,4.425410,-6.819374
PLOT-00595,Barry Callebaut - Daloa Cocoa Plot 042,Cocoa,526000.00,2031-12-31,CI,7.188091,-5.914773
PLOT-00596,ADM Durum - Saskatchewan Durum wheat Plot 021,Durum wheat,976000.00,2030-12-31,CA,50.962610,-107.052205
PLOT-00597,RPAC - Sunraysia Almonds Plot 009,Almonds,880000.00,2030-12-31,AU,,
PLOT-00598,Bunge - Andalucia Sunflower Plot 011,Sunflower,783000.00,2031-12-31,ES,37.076075,-5.235605
PLOT-00599,Wilmar Sugar - Queensland Cane sugar Plot 055,Cane sugar,1794000.00,2030-12-31,AU,-19.778852,147.548155
PLOT-00600,Cemoi - Western Cocoa Plot 026,Cocoa,462000.00,2027-12-31,GH,4.988401,-2.294801
PLOT-00601,Viterra - Alberta Barley Plot 023,Barley,348000.00,2027-12-31,CA,52.726530,-113.048879
PLOT-00602,Neumann Kaffee - Minas Gerais Coffee Plot 018,Coffee,283000.00,2029-12-31,BR,-20.986206,-45.189231
PLOT-00603,LDC - La Pampa Sunflower Plot 050,Sunflower,730000.00,2030-12-31,AR,-36.153345,-63.591250
PLOT-00604,E&J Gallo Sourcing - Tuscany Wine grapes Plot 020,Wine grapes,674000.00,2030-12-31,IT,43.460603,10.793067
PLOT-00605,COFCO - Cordoba Soybean Plot 021,Soybean,2083000.00,2029-12-31,AR,-31.663776,-63.643137
PLOT-00606,Castel - Tuscany Wine grapes Plot 018,Wine grapes,373000.00,2031-12-31,IT,43.692443,11.551555
PLOT-00607,Cemoi - Ashanti Cocoa Plot 088,Cocoa,515000.00,2029-12-31,GH,6.902186,-1.367063
PLOT-00608,Volcafe - Minas Gerais Coffee Plot 082,Coffee,84000.00,2027-12-31,BR,-20.849379,-44.723915
PLOT-00609,Bogus Plot,Wheat,10000.00,2029-12-31,,48.000000,2.000000
PLOT-00610,Indian River - Nile Delta Citrus Plot 009,Citrus,797000.00,2030-12-31,EG,30.442802,30.770884
PLOT-00611,Cosun - Lower Saxony Sugar beet Plot 017,Sugar beet,449000.00,2027-12-31,DE,52.554200,10.479884
PLOT-00612,Cargill Grains - Buenos Aires Maize Plot 035,Maize,379000.00,2032-12-31,AR,-33.333472,-61.525293
PLOT-00613,ADM - Mato Grosso Maize Plot 031,Maize,175000.00,2031-12-31,BR,-13.414886,-54.955771
PLOT-00614,Tereos - Minnesota Sugar beet Plot 001,Sugar beet,426000.00,2027-12-31,US,47.726195,-96.614492
PLOT-00615,Olam Cocoa - Western Cocoa Plot 048,Cocoa,405000.00,2030-12-31,GH,5.689632,-2.341504
PLOT-00616,Olam Cocoa - San-Pedro Cocoa Plot 010,Cocoa,739000.00,2030-12-31,CI,4.920227,-6.942875
PLOT-00617,Olam Almonds - Granada Almonds Plot 017,Almonds,1346000.00,2032-12-31,ES,36.884638,-2.607446
PLOT-00618,Neumann Kaffee - Antioquia Coffee Plot 026,Coffee,1177000.00,2028-12-31,CO,5.788532,-75.679055
PLOT-00619,AMC Group - Nile Delta Citrus Plot 016,Citrus,757000.00,2031-12-31,EG,30.367707,31.354859
PLOT-00620,Riceland - Vercelli Rice Plot 036,Rice,672000.00,2031-12-31,IT,45.416591,8.258234
PLOT-00621,EID Parry - Queensland Cane sugar Plot 053,Cane sugar,2282000.00,2029-12-31,AU,-19.353238,146.690484
PLOT-00622,Soufflet - Kansas Wheat Plot 038,Wheat,491000.00,2031-12-31,US,38.368848,-97.780856
PLOT-00623,Soufflet Malt - Champagne Barley Plot 025,Barley,896000.00,2030-12-31,FR,49.210394,3.926771
PLOT-00624,EID Parry - Sao Paulo Cane sugar Plot 041,Cane sugar,210000.00,2029-12-31,BR,-21.449745,-48.376441
PLOT-00625,Cosun - Picardy Sugar beet Plot 023,Sugar beet,680000.00,2028-12-31,FR,49.220988,2.491311
PLOT-00626,Malteurop - Champagne Barley Plot 001,Barley,104000.00,2032-12-31,FR,48.715368,3.860869
PLOT-00627,Amaggi - Iowa Soybean Plot 041,Soybean,2467000.00,2030-12-31,US,42.064069,-93.908704
PLOT-00628,COFCO - Mato Grosso Soybean Plot 014,Soybean,1071000.00,2031-12-31,BR,-12.753452,-55.867126
PLOT-00629,Cemoi - Ondo Cocoa Plot 006,Cocoa,448000.00,2029-12-31,NG,7.489252,5.143730
PLOT-00630,Castel - Tuscany Wine grapes Plot 015,Wine grapes,1265000.00,2029-12-31,IT,43.265889,11.651187
PLOT-00631,Malteurop - East Anglia Barley Plot 004,Barley,624000.00,2028-12-31,GB,52.237404,0.985069
PLOT-00632,Touton - Western Cocoa Plot 051,Cocoa,511000.00,2029-12-31,GH,5.998540,-2.227215
PLOT-00633,ADM Milling - Saskatchewan Wheat Plot 039,Wheat,564000.00,2027-12-31,CA,,
PLOT-00634,RPAC - Sunraysia Almonds Plot 008,Almonds,1216000.00,2029-12-31,AU,-34.119954,141.850573
PLOT-00635,COFCO - Santa Fe Soybean Plot 043,Soybean,1868000.00,2028-12-31,AR,-30.784978,-61.434237
PLOT-00636,Soufflet Malt - Champagne Barley Plot 030,Barley,585000.00,2031-12-31,FR,48.764491,4.424745
PLOT-00637,Amaggi - Santa Fe Soybean Plot 008,Soybean,1538000.00,2031-12-31,AR,-30.966404,-61.382280
PLOT-00638,Bunge - Braila Sunflower Plot 003,Sunflower,409000.00,2027-12-31,RO,44.408912,26.934221
PLOT-00639,CHO - Sfax Olive oil Plot 012,Olive oil,282000.00,2032-12-31,TN,35.553916,9.483485
PLOT-00640,De Cecco - Konya Durum wheat Plot 017,Durum wheat,605000.00,2028-12-31,TR,37.706835,34.893484
PLOT-00641,Mitr Phol - Nakhon Ratchasima Cane sugar Plot 024,Cane sugar,1443000.00,2027-12-31,TH,15.223465,101.566506
PLOT-00642,Bunge - Illinois Soybean Plot 069,Soybean,1819000.00,2027-12-31,US,40.469452,-89.118164
PLOT-00643,Neumann Kaffee - Sidama Coffee Plot 065,Coffee,125000.00,2032-12-31,ET,6.971291,38.630411
PLOT-00644,Citrosuco - Valencia Citrus Plot 010,Citrus,408000.00,2030-12-31,ES,39.719485,-0.197034
PLOT-00645,Olam Rice - Mekong Delta Rice Plot 024,Rice,79000.00,2029-12-31,VN,10.041831,105.849526
PLOT-00646,Olam Cocoa - Ashanti Cocoa Plot 083,Cocoa,313000.00,2032-12-31,GH,6.143116,-1.662578
PLOT-00647,COFCO - Illinois Soybean Plot 048,Soybean,692000.00,2028-12-31,US,39.888144,-89.262877
PLOT-00648,Cemoi - San-Pedro Cocoa Plot 031,Cocoa,751000.00,2032-12-31,CI,,
PLOT-00649,Soufflet - Beauce Wheat Plot 056,Wheat,1302000.00,2029-12-31,FR,48.697245,1.950694
PLOT-00650,ADM - Cordoba Soybean Plot 025,Soybean,932000.00,2030-12-31,AR,,
PLOT-00651,LDC Rice - Punjab Rice Plot 033,Rice,1297000.00,2032-12-31,IN,30.798571,75.833217
PLOT-00652,Cutrale - Valencia Citrus Plot 025,Citrus,673000.00,2030-12-31,ES,39.441704,-0.446955
PLOT-00653,ADM - Iowa Soybean Plot 037,Soybean,1635000.00,2032-12-31,US,41.550432,-93.365371
PLOT-00654,LDC Coffee - Huila Coffee Plot 061,Coffee,560000.00,2027-12-31,CO,2.590495,-75.349248
PLOT-00655,Wilmar Sugar - Nakhon Ratchasima Cane sugar Plot 026,Cane sugar,722000.00,2032-12-31,TH,15.547079,101.688448
PLOT-00656,AMC Group - Mpumalanga Citrus Plot 024,Citrus,164000.00,2030-12-31,ZA,-25.431576,31.545419
PLOT-00657,LDC Coffee - Minas Gerais Coffee Plot 091,Coffee,52000.00,2031-12-31,BR,-21.400168,-45.468974
PLOT-00658,Cargill Cocoa - San-Pedro Cocoa Plot 068,Cocoa,380000.00,2032-12-31,CI,4.229231,-6.457854
PLOT-00659,Sudzucker - Lower Saxony Sugar beet Plot 020,Sugar beet,241000.00,2031-12-31,DE,52.476426,9.908520
PLOT-00660,De Cecco - Foggia Durum wheat Plot 010,Durum wheat,950000.00,2030-12-31,IT,41.428731,15.398933
PLOT-00661,Copersucar - Nakhon Ratchasima Cane sugar Plot 009,Cane sugar,2513000.00,2027-12-31,TH,14.710288,102.364334
PLOT-00662,Raizen - Uttar Pradesh Cane sugar Plot 043,Cane sugar,1911000.00,2030-12-31,IN,27.486262,79.583130
PLOT-00663,Bunge - Santa Fe Soybean Plot 075,Soybean,2833000.00,2028-12-31,AR,,
PLOT-00664,GrainCorp - Wheatbelt Wheat Plot 060,Wheat,1203000.00,2027-12-31,AU,-31.397843,117.263887
PLOT-00665,Copersucar - Uttar Pradesh Cane sugar Plot 006,Cane sugar,169000.00,2027-12-31,IN,27.128317,79.665465
PLOT-00666,E&J Gallo Sourcing - Rioja Wine grapes Plot 019,Wine grapes,414000.00,2031-12-31,ES,42.102435,-1.955865
PLOT-00667,LDC - Braila Sunflower Plot 037,Sunflower,93000.00,2030-12-31,RO,44.846529,26.763118
PLOT-00668,CHO - Sfax Olive oil Plot 015,Olive oil,259000.00,2030-12-31,TN,,
PLOT-00669,Indian River - Sao Paulo Citrus Plot 020,Citrus,359000.00,2030-12-31,BR,-20.589423,-48.526465
PLOT-00670,Cargill Grains - Nebraska Maize Plot 051,Maize,2178000.00,2029-12-31,US,41.034178,-98.501552
PLOT-00671,Soufflet - Saskatchewan Wheat Plot 040,Wheat,293000.00,2027-12-31,CA,50.475720,-106.245094
PLOT-00672,Riceland - Vercelli Rice Plot 008,Rice,1243000.00,2031-12-31,IT,44.836184,8.697667
PLOT-00673,Treasury Estates - Rioja Wine grapes Plot 007,Wine grapes,1581000.00,2027-12-31,ES,42.339244,-2.269124
PLOT-00674,Bunge - Parana Soybean Plot 074,Soybean,3260000.00,2027-12-31,BR,-24.660787,-51.043403
PLOT-00675,Amaggi - Iowa Soybean Plot 065,Soybean,2295000.00,2030-12-31,US,41.958764,-94.039098
PLOT-00676,GrainCorp - Kansas Wheat Plot 031,Wheat,2088000.00,2030-12-31,US,38.940211,-98.547397
PLOT-00677,ADM - Cordoba Soybean Plot 032,Soybean,375000.00,2029-12-31,AR,-31.461454,-62.683129
PLOT-00678,GrainCorp - Poltava Wheat Plot 063,Wheat,886000.00,2027-12-31,UA,48.781352,31.912164
PLOT-00679,Cargill Grains - Saskatchewan Wheat Plot 042,Wheat,1382000.00,2030-12-31,CA,50.967399,-106.023524
PLOT-00680,Wilmar Sugar - Maharashtra Cane sugar Plot 012,Cane sugar,596000.00,2032-12-31,IN,19.312738,74.920771
PLOT-00681,Cemoi - Ondo Cocoa Plot 039,Cocoa,86000.00,2032-12-31,NG,7.520269,4.993970
PLOT-00682,LT Foods - Arkansas Rice Plot 010,Rice,1336000.00,2031-12-31,US,34.350650,-91.989655
PLOT-00683,Treasury Estates - Napa Wine grapes Plot 024,Wine grapes,222000.00,2031-12-31,US,38.766253,-122.837184
PLOT-00684,Olam Almonds - Central Valley Almonds Plot 018,Almonds,335000.00,2032-12-31,US,36.795676,-120.039753
PLOT-00685,Good NL Plot,Wheat,10000.00,2032-12-31,NL,52.100000,5.100000
PLOT-00686,LDC Coffee - Comayagua Coffee Plot 019,Coffee,1161000.00,2030-12-31,HN,14.267963,-87.508055
PLOT-00687,LDC - Iowa Maize Plot 057,Maize,594000.00,2027-12-31,US,42.325598,-94.009773
PLOT-00688,Cargill - Nouvelle-Aquitaine Sunflower Plot 033,Sunflower,382000.00,2031-12-31,FR,45.642954,0.696631
PLOT-00689,ECOM - Minas Gerais Coffee Plot 041,Coffee,717000.00,2032-12-31,BR,-20.622640,-45.016665
PLOT-00690,Semouleries - Saskatchewan Durum wheat Plot 030,Durum wheat,547000.00,2027-12-31,CA,50.747037,-107.125924
PLOT-00691,Neumann Kaffee - Sidama Coffee Plot 059,Coffee,313000.00,2028-12-31,ET,6.206606,38.255007
PLOT-00692,Olam Rice - Vercelli Rice Plot 009,Rice,182000.00,2029-12-31,IT,45.445220,8.294842
PLOT-00693,Viterra - Saskatchewan Wheat Plot 006,Wheat,2082000.00,2032-12-31,CA,50.532685,-106.046984
PLOT-00694,Mitr Phol - Uttar Pradesh Cane sugar Plot 045,Cane sugar,2198000.00,2029-12-31,IN,28.001075,79.907404
PLOT-00695,Bunge - Aquitaine Maize Plot 037,Maize,1572000.00,2031-12-31,FR,44.078674,-0.464660
PLOT-00696,LDC - Nouvelle-Aquitaine Sunflower Plot 040,Sunflower,1062000.00,2027-12-31,FR,,
PLOT-00697,Sovena - Alentejo Olive oil Plot 035,Olive oil,532000.00,2030-12-31,PT,38.204088,-8.057145
PLOT-00698,Pernod Ricard Vin - Maipo Wine grapes Plot 025,Wine grapes,383000.00,2028-12-31,CL,-33.785398,-70.263407
PLOT-00699,GrainCorp - Saskatchewan Wheat Plot 017,Wheat,1117000.00,2032-12-31,CA,50.855295,-105.607469
PLOT-00700,Terra Creta - Sfax Olive oil Plot 021,Olive oil,501000.00,2028-12-31,TN,35.152231,10.203734
PLOT-00701,Cargill Grains - Santa Fe Soybean Plot 054,Soybean,230000.00,2031-12-31,AR,-30.219113,-61.377748
PLOT-00702,Indian River - Valencia Citrus Plot 002,Citrus,1334000.00,2031-12-31,ES,39.366402,-0.564571
PLOT-00703,Sovena - Alentejo Olive oil Plot 024,Olive oil,1149000.00,2028-12-31,PT,38.086919,-7.558238
PLOT-00704,LDC - Iowa Maize Plot 048,Maize,1578000.00,2027-12-31,US,41.762195,-93.589490
PLOT-00705,Deoleo - Jaen Olive oil Plot 001,Olive oil,748000.00,2028-12-31,ES,38.070301,-3.923498
PLOT-00706,Deoleo - Puglia Olive oil Plot 019,Olive oil,678000.00,2032-12-31,IT,41.334880,16.863716
PLOT-00707,Neumann Kaffee - Sao Paulo Coffee Plot 047,Coffee,256000.00,2029-12-31,BR,-22.537440,-46.505460
PLOT-00708,COFCO - Cordoba Soybean Plot 071,Soybean,1278000.00,2032-12-31,AR,-31.166543,-63.049670
PLOT-00709,Wilmar Sugar - Sao Paulo Cane sugar Plot 005,Cane sugar,2070000.00,2027-12-31,BR,-21.792144,-48.655499
PLOT-00710,Deoleo - Puglia Olive oil Plot 022,Olive oil,77000.00,2028-12-31,IT,40.645186,17.454675
PLOT-00711,Citrosuco - Nile Delta Citrus Plot 014,Citrus,1034000.00,2029-12-31,EG,30.049393,30.649298
PLOT-00712,Viterra - Wheatbelt Wheat Plot 021,Wheat,1318000.00,2031-12-31,AU,-31.830985,117.309006
PLOT-00713,Neumann Kaffee - Huila Coffee Plot 062,Coffee,1171000.00,2030-12-31,CO,2.643426,-75.236546
PLOT-00714,LDC Rice - Punjab Rice Plot 032,Rice,1308000.00,2032-12-31,IN,30.729524,75.409085
PLOT-00715,Treasury Estates - Tuscany Wine grapes Plot 005,Wine grapes,1839000.00,2031-12-31,IT,43.054831,11.727907
PLOT-00716,ADM - Aquitaine Maize Plot 036,Maize,1823000.00,2031-12-31,FR,44.329474,0.136739
PLOT-00717,Cemoi - San-Pedro Cocoa Plot 012,Cocoa,41000.00,2029-12-31,CI,4.930582,-6.467876
PLOT-00718,Nordzucker - Minnesota Sugar beet Plot 015,Sugar beet,373000.00,2028-12-31,US,47.520324,-96.272827
PLOT-00719,Bunge - Buenos Aires Maize Plot 052,Maize,2009000.00,2032-12-31,AR,-33.376845,-61.712570
PLOT-00720,Bunge - Nouvelle-Aquitaine Sunflower Plot 041,Sunflower,1102000.00,2030-12-31,FR,45.884844,0.186115
PLOT-00721,AMC Group - Mpumalanga Citrus Plot 034,Citrus,1438000.00,2027-12-31,ZA,-24.455784,31.081357
PLOT-00722,Indian River - Valencia Citrus Plot 006,Citrus,1019000.00,2031-12-31,ES,39.042501,-0.368959
PLOT-00723,LDC - Buenos Aires Maize Plot 005,Maize,1616000.00,2029-12-31,AR,-32.722632,-61.631359
PLOT-00724,LDC Coffee - Dak Lak Coffee Plot 035,Coffee,849000.00,2031-12-31,VN,12.993669,108.329648
PLOT-00725,Sovena - Peloponnese Olive oil Plot 010,Olive oil,370000.00,2031-12-31,GR,37.678909,21.509614
PLOT-00726,Treasury Estates - Barossa Wine grapes Plot 017,Wine grapes,683000.00,2030-12-31,AU,-34.909767,139.215528
PLOT-00727,Mitr Phol - Sao Paulo Cane sugar Plot 028,Cane sugar,1748000.00,2028-12-31,BR,-22.041826,-48.623826
PLOT-00728,LDC - Frontier Maize Lot,Maize,230000.00,2028-12-31,XX,41.010000,-99.010000
PLOT-00729,Bunge - Aquitaine Maize Plot 058,Maize,530000.00,2030-12-31,FR,43.781847,0.448943
PLOT-00730,Raizen - Maharashtra Cane sugar Plot 058,Cane sugar,2221000.00,2028-12-31,IN,19.207698,74.774344
PLOT-00731,Mitr Phol - Nakhon Ratchasima Cane sugar Plot 061,Cane sugar,1840000.00,2029-12-31,TH,15.217048,102.144406
PLOT-00732,EID Parry - Queensland Cane sugar Plot 021,Cane sugar,1501000.00,2030-12-31,AU,,
PLOT-00733,Olam Cocoa - Ondo Cocoa Plot 009,Cocoa,137000.00,2028-12-31,NG,,
PLOT-00734,ADM Milling - Saskatchewan Wheat Plot 016,Wheat,932000.00,2031-12-31,CA,51.448443,-106.486440
PLOT-00735,Cargill Cocoa - Ondo Cocoa Plot 024,Cocoa,110000.00,2028-12-31,NG,6.847585,5.330573
PLOT-00736,Barry Callebaut - Western Cocoa Plot 086,Cocoa,696000.00,2029-12-31,GH,5.365833,-2.754174
PLOT-00737,Cemoi - Ashanti Cocoa Plot 033,Cocoa,447000.00,2032-12-31,GH,6.440491,-1.739604
PLOT-00738,Neumann Kaffee - Minas Gerais Coffee Plot 063,Coffee,225000.00,2032-12-31,BR,-20.747999,-45.233196
PLOT-00739,CHO - Alentejo Olive oil Plot 017,Olive oil,591000.00,2030-12-31,PT,38.268783,-7.981239
PLOT-00740,GrainCorp - Beauce Wheat Plot 030,Wheat,1287000.00,2031-12-31,FR,48.466324,1.543159
PLOT-00741,LDC - La Pampa Sunflower Plot 048,Sunflower,442000.00,2030-12-31,AR,-36.403996,-63.829852
PLOT-00742,Bunge - Santa Fe Soybean Plot 044,Soybean,1180000.00,2028-12-31,AR,-30.224274,-60.378730
PLOT-00743,Semouleries - North Dakota Durum wheat Plot 007,Durum wheat,454000.00,2028-12-31,US,47.050059,-99.852315
PLOT-00744,Cargill Grains - Santa Fe Soybean Plot 038,Soybean,380000.00,2032-12-31,AR,-30.625376,-60.653083
PLOT-00745,LDC Coffee - Dak Lak Coffee Plot 036,Coffee,151000.00,2027-12-31,VN,,
PLOT-00746,LDC Coffee - Minas Gerais Coffee Plot 010,Coffee,142000.00,2029-12-31,BR,-20.879824,-44.483280
PLOT-00747,Borges - Granada Almonds Plot 022,Almonds,1662000.00,2032-12-31,ES,36.790214,-3.016234
PLOT-00748,GrainCorp - Beauce Wheat Plot 028,Wheat,874000.00,2029-12-31,FR,48.200993,2.053635
PLOT-00749,Sucafina - Comayagua Coffee Plot 024,Coffee,369000.00,2029-12-31,HN,14.134199,-87.637168
PLOT-00750,Barry Callebaut - Centre Cocoa Plot 020,Cocoa,248000.00,2030-12-31,CM,4.536039,11.351310
PLOT-00751,Viterra - Kansas Wheat Plot 020,Wheat,923000.00,2032-12-31,US,38.005638,-98.190508
PLOT-00752,Sucafina - Antioquia Coffee Plot 030,Coffee,1033000.00,2027-12-31,CO,6.264048,-75.178369
PLOT-00753,Volcafe - Dak Lak Coffee Plot 046,Coffee,376000.00,2029-12-31,VN,12.374743,108.443755
PLOT-00754,Cemoi - Ashanti Cocoa Plot 043,Cocoa,375000.00,2028-12-31,GH,6.330740,-1.876453
PLOT-00755,Soufflet - Wheatbelt Wheat Plot 011,Wheat,951000.00,2032-12-31,AU,-31.796145,117.425847
PLOT-00756,Bunge - Nebraska Maize Plot 028,Maize,366000.00,2030-12-31,US,41.356296,-99.049774
PLOT-00757,ADM - Cherkasy Maize Plot 003,Maize,2358000.00,2028-12-31,UA,49.573524,31.560360
PLOT-00758,Bunge - Iowa Maize Plot 020,Maize,1591000.00,2027-12-31,US,41.973543,-93.872487
PLOT-00759,Cutrale - Sao Paulo Citrus Plot 022,Citrus,1258000.00,2029-12-31,BR,-20.936910,-48.082610
PLOT-00760,British Sugar - Picardy Sugar beet Plot 003,Sugar beet,440000.00,2027-12-31,FR,49.546219,3.122601
PLOT-00761,Sovena - Peloponnese Olive oil Plot 006,Olive oil,1022000.00,2030-12-31,GR,37.148143,22.275759
PLOT-00762,COFCO - Mato Grosso Maize Plot 001,Maize,1858000.00,2032-12-31,BR,-13.070502,-55.828046
PLOT-00763,Wilmar Sugar - Nakhon Ratchasima Cane sugar Plot 007,Cane sugar,492000.00,2029-12-31,TH,15.021776,102.242324
PLOT-00764,E&J Gallo Sourcing - Bordeaux Wine grapes Plot 027,Wine grapes,528000.00,2029-12-31,FR,44.846973,-0.856801
PLOT-00765,CHO - Sfax Olive oil Plot 002,Olive oil,534000.00,2032-12-31,TN,34.970890,9.648713
PLOT-00766,Barry Callebaut - Ondo Cocoa Plot 056,Cocoa,121000.00,2029-12-31,NG,,
PLOT-00767,Cutrale - Nile Delta Citrus Plot 001,Citrus,610000.00,2029-12-31,EG,30.038998,30.565782
PLOT-00768,Cargill - Kirovohrad Sunflower Plot 021,Sunflower,1307000.00,2029-12-31,UA,48.727318,32.235800
PLOT-00769,Boortmalt - South Australia Barley Plot 012,Barley,459000.00,2032-12-31,AU,,
PLOT-00770,LDC Coffee - Huila Coffee Plot 028,Coffee,1020000.00,2032-12-31,CO,2.769559,-75.398980
PLOT-00771,Barry Callebaut - Ondo Cocoa Plot 065,Cocoa,542000.00,2030-12-31,NG,7.013287,5.604268
PLOT-00772,Barry Callebaut - Ondo Cocoa Plot 053,Cocoa,47000.00,2028-12-31,NG,6.785960,4.636676
PLOT-00773,Amaggi - Parana Soybean Plot 073,Soybean,3281000.00,2028-12-31,BR,-24.216234,-51.778955
PLOT-00774,EID Parry - Uttar Pradesh Cane sugar Plot 050,Cane sugar,1914000.00,2027-12-31,IN,27.822817,78.982696
PLOT-00775,GrainCorp Malt - Bavaria Barley Plot 020,Barley,592000.00,2032-12-31,DE,48.618844,11.394487
PLOT-00776,Cargill - La Pampa Sunflower Plot 043,Sunflower,438000.00,2029-12-31,AR,-35.988433,-63.874845
PLOT-00777,Boortmalt - Bavaria Barley Plot 014,Barley,97000.00,2028-12-31,DE,48.563800,11.327229
PLOT-00778,Blue Diamond - Sunraysia Almonds Plot 002,Almonds,1918000.00,2031-12-31,AU,-33.697914,142.055133
PLOT-00779,Viterra - Saskatchewan Wheat Plot 029,Wheat,853000.00,2029-12-31,CA,51.048232,-106.537083
PLOT-00780,Volcafe - Comayagua Coffee Plot 072,Coffee,341000.00,2028-12-31,HN,,
PLOT-00781,Copersucar - Sao Paulo Cane sugar Plot 054,Cane sugar,1176000.00,2031-12-31,BR,-21.997182,-48.229983
PLOT-00782,Cemoi - Daloa Cocoa Plot 013,Cocoa,102000.00,2029-12-31,CI,7.027526,-6.604167
PLOT-00783,Indian River - Mpumalanga Citrus Plot 032,Citrus,127000.00,2029-12-31,ZA,-25.182354,31.136807
PLOT-00784,ECOM - Antioquia Coffee Plot 071,Coffee,646000.00,2030-12-31,CO,6.011098,-75.513632
PLOT-00785,Bunge - Kirovohrad Sunflower Plot 046,Sunflower,466000.00,2031-12-31,UA,48.714755,32.124364
PLOT-00786,Cargill Grains - Parana Soybean Plot 078,Soybean,285000.00,2032-12-31,BR,-24.348000,-51.763295
PLOT-00787,COFCO - Mato Grosso Maize Plot 054,Maize,1373000.00,2030-12-31,BR,-13.879863,-54.960226
PLOT-00788,Bunge - Iowa Soybean Plot 059,Soybean,3227000.00,2031-12-31,US,42.391603,-93.474533
PLOT-00789,ADM - Braila Sunflower Plot 023,Sunflower,1306000.00,2028-12-31,RO,,
PLOT-00790,Barry Callebaut - Ondo Cocoa Plot 069,Cocoa,864000.00,2027-12-31,NG,7.262914,5.375511
PLOT-00791,Cargill Grains - Illinois Soybean Plot 002,Soybean,3425000.00,2031-12-31,US,,
PLOT-00792,Deoleo - Puglia Olive oil Plot 030,Olive oil,295000.00,2028-12-31,IT,40.725357,16.484594
PLOT-00793,LDC Coffee - Sidama Coffee Plot 042,Coffee,534000.00,2029-12-31,ET,6.554491,38.266905
PLOT-00794,ADM Milling - Wheatbelt Wheat Plot 066,Wheat,137000.00,2031-12-31,AU,,
PLOT-00795,Cemoi - Ashanti Cocoa Plot 007,Cocoa,770000.00,2029-12-31,GH,6.335089,-2.104342
PLOT-00796,British Sugar - Lower Saxony Sugar beet Plot 014,Sugar beet,1080000.00,2029-12-31,DE,52.572950,9.609650
PLOT-00797,LoBue - Florida Citrus Plot 008,Citrus,666000.00,2028-12-31,US,27.012085,-81.922097
PLOT-00798,Wilmar Sugar - Nakhon Ratchasima Cane sugar Plot 010,Cane sugar,239000.00,2028-12-31,TH,,
PLOT-00799,Kernel - Kirovohrad Sunflower Plot 031,Sunflower,888000.00,2030-12-31,UA,48.387445,32.169413
PLOT-00800,De Cecco - Chaouia Durum wheat Plot 027,Durum wheat,452000.00,2027-12-31,MA,33.443164,-7.512793
PLOT-00801,Raizen - Sao Paulo Cane sugar Plot 047,Cane sugar,536000.00,2032-12-31,BR,-21.797917,-48.246350
PLOT-00802,COFCO - Cordoba Soybean Plot 020,Soybean,1466000.00,2030-12-31,AR,-30.875842,-63.568358
PLOT-00803,Riceland - Arkansas Rice Plot 013,Rice,786000.00,2027-12-31,US,35.105888,-91.961970
PLOT-00804,LT Foods - Vercelli Rice Plot 015,Rice,772000.00,2029-12-31,IT,45.729012,7.940428
PLOT-00805,ADM Milling - Beauce Wheat Plot 035,Wheat,499000.00,2028-12-31,FR,48.185377,1.974548
PLOT-00806,Select Harvests - Central Valley Almonds Plot 025,Almonds,1986000.00,2032-12-31,US,36.243800,-119.952390
PLOT-00807,Neumann Kaffee - Sidama Coffee Plot 067,Coffee,676000.00,2031-12-31,ET,6.981966,38.349759
PLOT-00808,Cargill Grains - Cordoba Soybean Plot 034,Soybean,347000.00,2027-12-31,AR,-30.980463,-62.911754
PLOT-00809,Barry Callebaut - Western Cocoa Plot 004,Cocoa,495000.00,2030-12-31,GH,5.235099,-2.055255
PLOT-00810,Soufflet - Beauce Wheat Plot 071,Wheat,1883000.00,2028-12-31,FR,47.990886,2.089203
PLOT-00811,Riceland - Suphan Buri Rice Plot 021,Rice,921000.00,2031-12-31,TH,15.621677,100.804303
PLOT-00812,Olam Rice - Vercelli Rice Plot 027,Rice,765000.00,2027-12-31,IT,,
PLOT-00813,ADM - Kirovohrad Sunflower Plot 028,Sunflower,387000.00,2032-12-31,UA,48.068966,31.926040
PLOT-00814,Boortmalt - South Australia Barley Plot 015,Barley,630000.00,2032-12-31,AU,-34.052351,138.214049
PLOT-00815,Amaggi - Parana Soybean Plot 046,Soybean,1142000.00,2029-12-31,BR,-24.799229,-51.558326
PLOT-00816,AMC Group - Valencia Citrus Plot 013,Citrus,1528000.00,2030-12-31,ES,39.598595,-0.324041
PLOT-00817,Volcafe - Sao Paulo Coffee Plot 090,Coffee,75000.00,2031-12-31,BR,-21.483357,-47.034181
PLOT-00818,LDC - Mato Grosso Maize Plot 043,Maize,387000.00,2028-12-31,BR,-13.666710,-55.589801
PLOT-00819,Cosun - Minnesota Sugar beet Plot 012,Sugar beet,511000.00,2027-12-31,US,47.435143,-96.079674
PLOT-00820,Olam Cocoa - San-Pedro Cocoa Plot 010,Cocoa,739000.00,2031-12-31,CI,4.920227,-6.942875
PLOT-00821,Terra Creta - Sfax Olive oil Plot 003,Olive oil,832000.00,2031-12-31,TN,35.149564,9.586211
PLOT-00822,Riceland - Mekong Delta Rice Plot 035,Rice,971000.00,2028-12-31,VN,10.289448,105.476144
PLOT-00823,Soufflet - Saskatchewan Wheat Plot 036,Wheat,1634000.00,2032-12-31,CA,51.073013,-105.915084
PLOT-00824,Cargill Grains - Iowa Maize Plot 030,Maize,2357000.00,2030-12-31,US,,
PLOT-00825,Neumann Kaffee - Minas Gerais Coffee Plot 004,Coffee,1121000.00,2029-12-31,BR,-21.119441,-44.720370
PLOT-00826,Bunge - Braila Sunflower Plot 020,Sunflower,1156000.00,2032-12-31,RO,44.794883,27.478645
PLOT-00827,Olam Cocoa - Ondo Cocoa Plot 044,Cocoa,310000.00,2032-12-31,NG,7.262841,5.158027
PLOT-00828,Bunge - Mato Grosso Soybean Plot 012,Soybean,3227000.00,2031-12-31,BR,,
