country_iso2,renewable_share_energy_pct,energy_year,renewable_share_elec_pct,elec_year,source
AE,2.519,2024,8.812,2024,Our World in Data energy dataset (Energy Institute Statistical Review; Ember) — renewables_share_energy / _elec
AF,,,86.598,2023,Our World in Data energy dataset (Energy Institute Statistical Review; Ember) — renewables_share_energy / _elec
AG,,,5.556,2023,Our World in Data energy dataset (Energy Institute Statistical Review; Ember) — renewables_share_energy / _elec
AL,,,100.0,2023,Our World in Data energy dataset (Energy Institute Statistical Review; Ember) — renewables_share_energy / _elec
AM,,,30.204,2024,Our World in Data energy dataset (Energy Institute Statistical Review; Ember) — renewables_share_energy / _elec
AO,,,76.421,2023,Our World in Data energy dataset (Energy Institute Statistical Review; Ember) — renewables_share_energy / _elec
AR,14.803,2024,31.798,2024,Our World in Data energy dataset (Energy Institute Statistical Review; Ember) — renewables_share_energy / _elec
AS,,,0.0,2023,Our World in Data energy dataset (Energy Institute Statistical Review; Ember) — renewables_share_energy / _elec
AT,43.347,2024,86.72,2024,Our World in Data energy dataset (Energy Institute Statistical Review; Ember) — renewables_share_energy / _elec
AU,14.733,2024,35.488,2024,Our World in Data energy dataset (Energy Institute Statistical Review; Ember) — renewables_share_energy / _elec
AW,,,17.0,2022,Our World in Data energy dataset (Energy Institute Statistical Review; Ember) — renewables_share_energy / _elec
AZ,4.303,2024,11.958,2024,Our World in Data energy dataset (Energy Institute Statistical Review; Ember) — renewables_share_energy / _elec
BA,,,36.526,2024,Our World in Data energy dataset (Energy Institute Statistical Review; Ember) — renewables_share_energy / _elec
BB,,,8.182,2023,Our World in Data energy dataset (Energy Institute Statistical Review; Ember) — renewables_share_energy / _elec
BD,1.095,2024,2.029,2024,Our World in Data energy dataset (Energy Institute Statistical Review; Ember) — renewables_share_energy / _elec
BE,11.454,2024,35.86,2024,Our World in Data energy dataset (Energy Institute Statistical Review; Ember) — renewables_share_energy / _elec
BF,,,17.341,2023,Our World in Data energy dataset (Energy Institute Statistical Review; Ember) — renewables_share_energy / _elec
BG,16.425,2024,31.08,2024,Our World in Data energy dataset (Energy Institute Statistical Review; Ember) — renewables_share_energy / _elec
BH,,,0.249,2023,Our World in Data energy dataset (Energy Institute Statistical Review; Ember) — renewables_share_energy / _elec
BI,,,69.231,2023,Our World in Data energy dataset (Energy Institute Statistical Review; Ember) — renewables_share_energy / _elec
BJ,,,3.0,2023,Our World in Data energy dataset (Energy Institute Statistical Review; Ember) — renewables_share_energy / _elec
BM,,,1.562,2023,Our World in Data energy dataset (Energy Institute Statistical Review; Ember) — renewables_share_energy / _elec
BN,,,0.0,2023,Our World in Data energy dataset (Energy Institute Statistical Review; Ember) — renewables_share_energy / _elec
BO,,,37.976,2024,Our World in Data energy dataset (Energy Institute Statistical Review; Ember) — renewables_share_energy / _elec
BR,49.616,2024,87.721,2024,Our World in Data energy dataset (Energy Institute Statistical Review; Ember) — renewables_share_energy / _elec
BS,,,0.976,2022,Our World in Data energy dataset (Energy Institute Statistical Review; Ember) — renewables_share_energy / _elec
BT,,,100.0,2023,Our World in Data energy dataset (Energy Institute Statistical Review; Ember) — renewables_share_energy / _elec
BW,,,0.386,2023,Our World in Data energy dataset (Energy Institute Statistical Review; Ember) — renewables_share_energy / _elec
BY,0.969,2024,3.112,2024,Our World in Data energy dataset (Energy Institute Statistical Review; Ember) — renewables_share_energy / _elec
BZ,,,88.889,2023,Our World in Data energy dataset (Energy Institute Statistical Review; Ember) — renewables_share_energy / _elec
CA,27.157,2024,65.53,2024,Our World in Data energy dataset (Energy Institute Statistical Review; Ember) — renewables_share_energy / _elec
CD,,,100.0,2023,Our World in Data energy dataset (Energy Institute Statistical Review; Ember) — renewables_share_energy / _elec
CF,,,100.0,2022,Our World in Data energy dataset (Energy Institute Statistical Review; Ember) — renewables_share_energy / _elec
CG,,,20.696,2023,Our World in Data energy dataset (Energy Institute Statistical Review; Ember) — renewables_share_energy / _elec
CH,39.868,2024,67.213,2024,Our World in Data energy dataset (Energy Institute Statistical Review; Ember) — renewables_share_energy / _elec
CI,,,31.087,2023,Our World in Data energy dataset (Energy Institute Statistical Review; Ember) — renewables_share_energy / _elec
CL,32.254,2024,69.897,2024,Our World in Data energy dataset (Energy Institute Statistical Review; Ember) — renewables_share_energy / _elec
CM,,,63.866,2023,Our World in Data energy dataset (Energy Institute Statistical Review; Ember) — renewables_share_energy / _elec
CN,17.472,2024,33.64,2024,Our World in Data energy dataset (Energy Institute Statistical Review; Ember) — renewables_share_energy / _elec
CO,26.093,2024,64.358,2024,Our World in Data energy dataset (Energy Institute Statistical Review; Ember) — renewables_share_energy / _elec
CR,,,94.023,2024,Our World in Data energy dataset (Energy Institute Statistical Review; Ember) — renewables_share_energy / _elec
CU,,,4.709,2023,Our World in Data energy dataset (Energy Institute Statistical Review; Ember) — renewables_share_energy / _elec
CV,,,28.0,2022,Our World in Data energy dataset (Energy Institute Statistical Review; Ember) — renewables_share_energy / _elec
CY,10.795,2024,23.776,2024,Our World in Data energy dataset (Energy Institute Statistical Review; Ember) — renewables_share_energy / _elec
CZ,9.746,2024,17.105,2024,Our World in Data energy dataset (Energy Institute Statistical Review; Ember) — renewables_share_energy / _elec
DE,23.968,2024,57.445,2024,Our World in Data energy dataset (Energy Institute Statistical Review; Ember) — renewables_share_energy / _elec
DJ,,,35.0,2023,Our World in Data energy dataset (Energy Institute Statistical Review; Ember) — renewables_share_energy / _elec
DK,41.722,2024,88.039,2024,Our World in Data energy dataset (Energy Institute Statistical Review; Ember) — renewables_share_energy / _elec
DM,,,13.333,2023,Our World in Data energy dataset (Energy Institute Statistical Review; Ember) — renewables_share_energy / _elec
DO,,,18.463,2024,Our World in Data energy dataset (Energy Institute Statistical Review; Ember) — renewables_share_energy / _elec
DZ,0.242,2024,0.745,2024,Our World in Data energy dataset (Energy Institute Statistical Review; Ember) — renewables_share_energy / _elec
EC,25.358,2024,71.667,2024,Our World in Data energy dataset (Energy Institute Statistical Review; Ember) — renewables_share_energy / _elec
EE,17.946,2024,56.672,2024,Our World in Data energy dataset (Energy Institute Statistical Review; Ember) — renewables_share_energy / _elec
EG,5.778,2024,11.584,2024,Our World in Data energy dataset (Energy Institute Statistical Review; Ember) — renewables_share_energy / _elec
ER,,,11.364,2023,Our World in Data energy dataset (Energy Institute Statistical Review; Ember) — renewables_share_energy / _elec
ES,25.863,2024,57.21,2024,Our World in Data energy dataset (Energy Institute Statistical Review; Ember) — renewables_share_energy / _elec
ET,,,100.0,2023,Our World in Data energy dataset (Energy Institute Statistical Review; Ember) — renewables_share_energy / _elec
FI,38.894,2024,55.419,2024,Our World in Data energy dataset (Energy Institute Statistical Review; Ember) — renewables_share_energy / _elec
FJ,,,63.478,2023,Our World in Data energy dataset (Energy Institute Statistical Review; Ember) — renewables_share_energy / _elec
FO,,,45.833,2022,Our World in Data energy dataset (Energy Institute Statistical Review; Ember) — renewables_share_energy / _elec
FR,16.465,2024,26.244,2024,Our World in Data energy dataset (Energy Institute Statistical Review; Ember) — renewables_share_energy / _elec
GA,,,47.962,2023,Our World in Data energy dataset (Energy Institute Statistical Review; Ember) — renewables_share_energy / _elec
GB,21.293,2024,51.477,2024,Our World in Data energy dataset (Energy Institute Statistical Review; Ember) — renewables_share_energy / _elec
GD,,,0.0,2022,Our World in Data energy dataset (Energy Institute Statistical Review; Ember) — renewables_share_energy / _elec
GE,,,80.154,2024,Our World in Data energy dataset (Energy Institute Statistical Review; Ember) — renewables_share_energy / _elec
GH,,,38.534,2023,Our World in Data energy dataset (Energy Institute Statistical Review; Ember) — renewables_share_energy / _elec
GI,,,0.0,2023,Our World in Data energy dataset (Energy Institute Statistical Review; Ember) — renewables_share_energy / _elec
GL,,,87.037,2022,Our World in Data energy dataset (Energy Institute Statistical Review; Ember) — renewables_share_energy / _elec
GM,,,0.0,2023,Our World in Data energy dataset (Energy Institute Statistical Review; Ember) — renewables_share_energy / _elec
GN,,,74.815,2023,Our World in Data energy dataset (Energy Institute Statistical Review; Ember) — renewables_share_energy / _elec
GQ,,,31.21,2023,Our World in Data energy dataset (Energy Institute Statistical Review; Ember) — renewables_share_energy / _elec
GR,21.055,2024,49.712,2024,Our World in Data energy dataset (Energy Institute Statistical Review; Ember) — renewables_share_energy / _elec
GT,,,74.517,2023,Our World in Data energy dataset (Energy Institute Statistical Review; Ember) — renewables_share_energy / _elec
GU,,,7.778,2022,Our World in Data energy dataset (Energy Institute Statistical Review; Ember) — renewables_share_energy / _elec
GW,,,0.0,2022,Our World in Data energy dataset (Energy Institute Statistical Review; Ember) — renewables_share_energy / _elec
GY,,,6.716,2023,Our World in Data energy dataset (Energy Institute Statistical Review; Ember) — renewables_share_energy / _elec
HK,1.048,2024,1.291,2024,Our World in Data energy dataset (Energy Institute Statistical Review; Ember) — renewables_share_energy / _elec
HN,,,61.571,2023,Our World in Data energy dataset (Energy Institute Statistical Review; Ember) — renewables_share_energy / _elec
HR,27.778,2024,72.852,2024,Our World in Data energy dataset (Energy Institute Statistical Review; Ember) — renewables_share_energy / _elec
HT,,,18.812,2022,Our World in Data energy dataset (Energy Institute Statistical Review; Ember) — renewables_share_energy / _elec
HU,12.706,2024,31.771,2024,Our World in Data energy dataset (Energy Institute Statistical Review; Ember) — renewables_share_energy / _elec
ID,10.954,2024,19.287,2024,Our World in Data energy dataset (Energy Institute Statistical Review; Ember) — renewables_share_energy / _elec
IE,22.18,2024,45.322,2024,Our World in Data energy dataset (Energy Institute Statistical Review; Ember) — renewables_share_energy / _elec
IL,9.795,2024,13.25,2024,Our World in Data energy dataset (Energy Institute Statistical Review; Ember) — renewables_share_energy / _elec
IN,9.146,2024,19.801,2024,Our World in Data energy dataset (Energy Institute Statistical Review; Ember) — renewables_share_energy / _elec
IQ,0.584,2024,1.041,2024,Our World in Data energy dataset (Energy Institute Statistical Review; Ember) — renewables_share_energy / _elec
IR,1.433,2024,6.168,2024,Our World in Data energy dataset (Energy Institute Statistical Review; Ember) — renewables_share_energy / _elec
IS,80.498,2024,99.985,2024,Our World in Data energy dataset (Energy Institute Statistical Review; Ember) — renewables_share_energy / _elec
IT,20.931,2024,49.318,2024,Our World in Data energy dataset (Energy Institute Statistical Review; Ember) — renewables_share_energy / _elec
JM,,,12.918,2022,Our World in Data energy dataset (Energy Institute Statistical Review; Ember) — renewables_share_energy / _elec
JO,,,23.128,2022,Our World in Data energy dataset (Energy Institute Statistical Review; Ember) — renewables_share_energy / _elec
JP,12.697,2024,23.195,2024,Our World in Data energy dataset (Energy Institute Statistical Review; Ember) — renewables_share_energy / _elec
KE,,,91.907,2024,Our World in Data energy dataset (Energy Institute Statistical Review; Ember) — renewables_share_energy / _elec
KG,,,84.045,2024,Our World in Data energy dataset (Energy Institute Statistical Review; Ember) — renewables_share_energy / _elec
KH,,,40.712,2024,Our World in Data energy dataset (Energy Institute Statistical Review; Ember) — renewables_share_energy / _elec
KI,,,25.0,2022,Our World in Data energy dataset (Energy Institute Statistical Review; Ember) — renewables_share_energy / _elec
KM,,,0.0,2023,Our World in Data energy dataset (Energy Institute Statistical Review; Ember) — renewables_share_energy / _elec
KN,,,4.545,2022,Our World in Data energy dataset (Energy Institute Statistical Review; Ember) — renewables_share_energy / _elec
KP,,,63.089,2022,Our World in Data energy dataset (Energy Institute Statistical Review; Ember) — renewables_share_energy / _elec
KR,4.748,2024,9.582,2024,Our World in Data energy dataset (Energy Institute Statistical Review; Ember) — renewables_share_energy / _elec
KW,0.076,2024,2.179,2024,Our World in Data energy dataset (Energy Institute Statistical Review; Ember) — renewables_share_energy / _elec
KY,,,2.857,2023,Our World in Data energy dataset (Energy Institute Statistical Review; Ember) — renewables_share_energy / _elec
KZ,5.12,2024,14.926,2024,Our World in Data energy dataset (Energy Institute Statistical Review; Ember) — renewables_share_energy / _elec
LA,,,76.711,2023,Our World in Data energy dataset (Energy Institute Statistical Review; Ember) — renewables_share_energy / _elec
LB,,,47.345,2023,Our World in Data energy dataset (Energy Institute Statistical Review; Ember) — renewables_share_energy / _elec
LC,,,2.5,2022,Our World in Data energy dataset (Energy Institute Statistical Review; Ember) — renewables_share_energy / _elec
LK,23.25,2024,50.162,2024,Our World in Data energy dataset (Energy Institute Statistical Review; Ember) — renewables_share_energy / _elec
LR,,,33.333,2023,Our World in Data energy dataset (Energy Institute Statistical Review; Ember) — renewables_share_energy / _elec
LS,,,100.0,2022,Our World in Data energy dataset (Energy Institute Statistical Review; Ember) — renewables_share_energy / _elec
LT,23.414,2024,80.328,2024,Our World in Data energy dataset (Energy Institute Statistical Review; Ember) — renewables_share_energy / _elec
LU,14.278,2024,90.385,2024,Our World in Data energy dataset (Energy Institute Statistical Review; Ember) — renewables_share_energy / _elec
LV,29.669,2024,74.303,2024,Our World in Data energy dataset (Energy Institute Statistical Review; Ember) — renewables_share_energy / _elec
LY,,,0.028,2023,Our World in Data energy dataset (Energy Institute Statistical Review; Ember) — renewables_share_energy / _elec
MA,8.673,2024,26.477,2024,Our World in Data energy dataset (Energy Institute Statistical Review; Ember) — renewables_share_energy / _elec
MD,,,11.708,2024,Our World in Data energy dataset (Energy Institute Statistical Review; Ember) — renewables_share_energy / _elec
ME,,,60.27,2024,Our World in Data energy dataset (Energy Institute Statistical Review; Ember) — renewables_share_energy / _elec
MG,,,35.227,2022,Our World in Data energy dataset (Energy Institute Statistical Review; Ember) — renewables_share_energy / _elec
MK,16.037,2024,33.103,2024,Our World in Data energy dataset (Energy Institute Statistical Review; Ember) — renewables_share_energy / _elec
ML,,,42.661,2023,Our World in Data energy dataset (Energy Institute Statistical Review; Ember) — renewables_share_energy / _elec
MM,,,40.235,2024,Our World in Data energy dataset (Energy Institute Statistical Review; Ember) — renewables_share_energy / _elec
MN,,,9.666,2024,Our World in Data energy dataset (Energy Institute Statistical Review; Ember) — renewables_share_energy / _elec
MO,,,40.816,2022,Our World in Data energy dataset (Energy Institute Statistical Review; Ember) — renewables_share_energy / _elec
MR,,,27.439,2022,Our World in Data energy dataset (Energy Institute Statistical Review; Ember) — renewables_share_energy / _elec
MT,,,16.742,2024,Our World in Data energy dataset (Energy Institute Statistical Review; Ember) — renewables_share_energy / _elec
MU,,,17.431,2023,Our World in Data energy dataset (Energy Institute Statistical Review; Ember) — renewables_share_energy / _elec
MV,,,7.059,2023,Our World in Data energy dataset (Energy Institute Statistical Review; Ember) — renewables_share_energy / _elec
MW,,,95.628,2022,Our World in Data energy dataset (Energy Institute Statistical Review; Ember) — renewables_share_energy / _elec
MX,8.251,2024,21.914,2024,Our World in Data energy dataset (Energy Institute Statistical Review; Ember) — renewables_share_energy / _elec
MY,8.282,2024,19.675,2024,Our World in Data energy dataset (Energy Institute Statistical Review; Ember) — renewables_share_energy / _elec
MZ,,,83.691,2023,Our World in Data energy dataset (Energy Institute Statistical Review; Ember) — renewables_share_energy / _elec
NA,,,97.884,2023,Our World in Data energy dataset (Energy Institute Statistical Review; Ember) — renewables_share_energy / _elec
NC,,,26.214,2022,Our World in Data energy dataset (Energy Institute Statistical Review; Ember) — renewables_share_energy / _elec
NE,,,2.5,2023,Our World in Data energy dataset (Energy Institute Statistical Review; Ember) — renewables_share_energy / _elec
NG,,,23.025,2024,Our World in Data energy dataset (Energy Institute Statistical Review; Ember) — renewables_share_energy / _elec
NI,,,64.531,2023,Our World in Data energy dataset (Energy Institute Statistical Review; Ember) — renewables_share_energy / _elec
NL,18.119,2024,50.769,2024,Our World in Data energy dataset (Energy Institute Statistical Review; Ember) — renewables_share_energy / _elec
NO,71.812,2024,98.392,2024,Our World in Data energy dataset (Energy Institute Statistical Review; Ember) — renewables_share_energy / _elec
NP,,,100.0,2022,Our World in Data energy dataset (Energy Institute Statistical Review; Ember) — renewables_share_energy / _elec
NR,,,0.0,2023,Our World in Data energy dataset (Energy Institute Statistical Review; Ember) — renewables_share_energy / _elec
NZ,42.554,2024,85.065,2024,Our World in Data energy dataset (Energy Institute Statistical Review; Ember) — renewables_share_energy / _elec
OM,1.115,2024,4.198,2024,Our World in Data energy dataset (Energy Institute Statistical Review; Ember) — renewables_share_energy / _elec
PA,,,61.772,2023,Our World in Data energy dataset (Energy Institute Statistical Review; Ember) — renewables_share_energy / _elec
PE,26.656,2024,59.28,2024,Our World in Data energy dataset (Energy Institute Statistical Review; Ember) — renewables_share_energy / _elec
PF,,,33.803,2022,Our World in Data energy dataset (Energy Institute Statistical Review; Ember) — renewables_share_energy / _elec
PG,,,23.679,2023,Our World in Data energy dataset (Energy Institute Statistical Review; Ember) — renewables_share_energy / _elec
PH,12.818,2024,21.73,2024,Our World in Data energy dataset (Energy Institute Statistical Review; Ember) — renewables_share_energy / _elec
PK,12.507,2024,33.147,2024,Our World in Data energy dataset (Energy Institute Statistical Review; Ember) — renewables_share_energy / _elec
PL,13.045,2024,29.847,2024,Our World in Data energy dataset (Energy Institute Statistical Review; Ember) — renewables_share_energy / _elec
PR,,,5.823,2024,Our World in Data energy dataset (Energy Institute Statistical Review; Ember) — renewables_share_energy / _elec
PS,,,33.333,2022,Our World in Data energy dataset (Energy Institute Statistical Review; Ember) — renewables_share_energy / _elec
PT,39.741,2024,85.187,2024,Our World in Data energy dataset (Energy Institute Statistical Review; Ember) — renewables_share_energy / _elec
PY,,,100.0,2023,Our World in Data energy dataset (Energy Institute Statistical Review; Ember) — renewables_share_energy / _elec
QA,0.811,2024,0.239,2024,Our World in Data energy dataset (Energy Institute Statistical Review; Ember) — renewables_share_energy / _elec
RO,19.112,2024,47.654,2024,Our World in Data energy dataset (Energy Institute Statistical Review; Ember) — renewables_share_energy / _elec
RS,,,31.25,2024,Our World in Data energy dataset (Energy Institute Statistical Review; Ember) — renewables_share_energy / _elec
RU,5.999,2024,18.129,2024,Our World in Data energy dataset (Energy Institute Statistical Review; Ember) — renewables_share_energy / _elec
RW,,,56.604,2023,Our World in Data energy dataset (Energy Institute Statistical Review; Ember) — renewables_share_energy / _elec
SA,0.728,2024,2.16,2024,Our World in Data energy dataset (Energy Institute Statistical Review; Ember) — renewables_share_energy / _elec
SB,,,9.091,2023,Our World in Data energy dataset (Energy Institute Statistical Review; Ember) — renewables_share_energy / _elec
SC,,,14.286,2023,Our World in Data energy dataset (Energy Institute Statistical Review; Ember) — renewables_share_energy / _elec
SD,,,70.149,2023,Our World in Data energy dataset (Energy Institute Statistical Review; Ember) — renewables_share_energy / _elec
SE,51.318,2024,69.454,2024,Our World in Data energy dataset (Energy Institute Statistical Review; Ember) — renewables_share_energy / _elec
SG,0.545,2024,4.932,2024,Our World in Data energy dataset (Energy Institute Statistical Review; Ember) — renewables_share_energy / _elec
SI,24.736,2024,42.0,2024,Our World in Data energy dataset (Energy Institute Statistical Review; Ember) — renewables_share_energy / _elec
SK,11.295,2024,23.969,2024,Our World in Data energy dataset (Energy Institute Statistical Review; Ember) — renewables_share_energy / _elec
SL,,,95.238,2023,Our World in Data energy dataset (Energy Institute Statistical Review; Ember) — renewables_share_energy / _elec
SN,,,21.739,2023,Our World in Data energy dataset (Energy Institute Statistical Review; Ember) — renewables_share_energy / _elec
SO,,,19.048,2023,Our World in Data energy dataset (Energy Institute Statistical Review; Ember) — renewables_share_energy / _elec
SR,,,42.991,2023,Our World in Data energy dataset (Energy Institute Statistical Review; Ember) — renewables_share_energy / _elec
SS,,,6.78,2023,Our World in Data energy dataset (Energy Institute Statistical Review; Ember) — renewables_share_energy / _elec
ST,,,11.111,2022,Our World in Data energy dataset (Energy Institute Statistical Review; Ember) — renewables_share_energy / _elec
SV,,,92.5,2024,Our World in Data energy dataset (Energy Institute Statistical Review; Ember) — renewables_share_energy / _elec
SY,,,4.382,2022,Our World in Data energy dataset (Energy Institute Statistical Review; Ember) — renewables_share_energy / _elec
SZ,,,96.429,2023,Our World in Data energy dataset (Energy Institute Statistical Review; Ember) — renewables_share_energy / _elec
TC,,,0.0,2023,Our World in Data energy dataset (Energy Institute Statistical Review; Ember) — renewables_share_energy / _elec
TD,,,5.128,2022,Our World in Data energy dataset (Energy Institute Statistical Review; Ember) — renewables_share_energy / _elec
TG,,,20.652,2023,Our World in Data energy dataset (Energy Institute Statistical Review; Ember) — renewables_share_energy / _elec
TH,7.403,2024,14.858,2024,Our World in Data energy dataset (Energy Institute Statistical Review; Ember) — renewables_share_energy / _elec
TJ,,,89.341,2024,Our World in Data energy dataset (Energy Institute Statistical Review; Ember) — renewables_share_energy / _elec
TL,,,0.0,2023,Our World in Data energy dataset (Energy Institute Statistical Review; Ember) — renewables_share_energy / _elec
TM,0.007,2024,0.027,2024,Our World in Data energy dataset (Energy Institute Statistical Review; Ember) — renewables_share_energy / _elec
TN,,,3.985,2024,Our World in Data energy dataset (Energy Institute Statistical Review; Ember) — renewables_share_energy / _elec
TO,,,14.286,2023,Our World in Data energy dataset (Energy Institute Statistical Review; Ember) — renewables_share_energy / _elec
TR,19.786,2024,45.616,2024,Our World in Data energy dataset (Energy Institute Statistical Review; Ember) — renewables_share_energy / _elec
TT,0.011,2024,0.072,2024,Our World in Data energy dataset (Energy Institute Statistical Review; Ember) — renewables_share_energy / _elec
TZ,,,25.501,2023,Our World in Data energy dataset (Energy Institute Statistical Review; Ember) — renewables_share_energy / _elec
UA,8.299,2024,22.824,2024,Our World in Data energy dataset (Energy Institute Statistical Review; Ember) — renewables_share_energy / _elec
UG,,,97.391,2022,Our World in Data energy dataset (Energy Institute Statistical Review; Ember) — renewables_share_energy / _elec
US,12.05,2024,24.1,2024,Our World in Data energy dataset (Energy Institute Statistical Review; Ember) — renewables_share_energy / _elec
UY,,,94.615,2024,Our World in Data energy dataset (Energy Institute Statistical Review; Ember) — renewables_share_energy / _elec
UZ,4.582,2024,16.029,2024,Our World in Data energy dataset (Energy Institute Statistical Review; Ember) — renewables_share_energy / _elec
VC,,,13.333,2023,Our World in Data energy dataset (Energy Institute Statistical Review; Ember) — renewables_share_energy / _elec
VE,25.84,2024,87.439,2024,Our World in Data energy dataset (Energy Institute Statistical Review; Ember) — renewables_share_energy / _elec
VG,,,0.0,2023,Our World in Data energy dataset (Energy Institute Statistical Review; Ember) — renewables_share_energy / _elec
VI,,,2.985,2023,Our World in Data energy dataset (Energy Institute Statistical Review; Ember) — renewables_share_energy / _elec
VN,21.534,2024,44.148,2024,Our World in Data energy dataset (Energy Institute Statistical Review; Ember) — renewables_share_energy / _elec
VU,,,25.0,2023,Our World in Data energy dataset (Energy Institute Statistical Review; Ember) — renewables_share_energy / _elec
WS,,,40.0,2023,Our World in Data energy dataset (Energy Institute Statistical Review; Ember) — renewables_share_energy / _elec
YE,,,16.938,2023,Our World in Data energy dataset (Energy Institute Statistical Review; Ember) — renewables_share_energy / _elec
ZA,3.557,2024,13.19,2024,Our World in Data energy dataset (Energy Institute Statistical Review; Ember) — renewables_share_energy / _elec
ZM,,,89.003,2023,Our World in Data energy dataset (Energy Institute Statistical Review; Ember) — renewables_share_energy / _elec
ZW,,,67.509,2023,Our World in Data energy dataset (Energy Institute Statistical Review; Ember) — renewables_share_energy / _elec
