country_iso2,intensity_tco2e_per_meur,gdp_year,ghg_mt_co2e,gdp_meur,eur_per_usd,basis,source
AD,132.55,2023,0.464,3500.6,0.924839,"total GHG excl. LULUCF (t CO2e) ÷ GDP at current market prices (EUR M), same year",OWID total_ghg_excluding_lucf; World Bank WDI NY.GDP.MKTP.CD; ECB USD annual average
AE,526.65,2024,268.742326,510287.4,0.92389,"total GHG excl. LULUCF (t CO2e) ÷ GDP at current market prices (EUR M), same year","EC-JRC EDGAR 2026 report (all gases, GWP-100 AR5); World Bank WDI NY.GDP.MKTP.CD; ECB USD annual average"
AF,1908.84,2024,31.35346,16425.4,0.92389,"total GHG excl. LULUCF (t CO2e) ÷ GDP at current market prices (EUR M), same year","EC-JRC EDGAR 2026 report (all gases, GWP-100 AR5); World Bank WDI NY.GDP.MKTP.CD; ECB USD annual average"
AG,198.07,2025,0.409848,2069.2,0.884969,"total GHG excl. LULUCF (t CO2e) ÷ GDP at current market prices (EUR M), same year","EC-JRC EDGAR 2026 report (all gases, GWP-100 AR5); World Bank WDI NY.GDP.MKTP.CD; ECB USD annual average"
AL,283.92,2025,7.673475,27027.1,0.884969,"total GHG excl. LULUCF (t CO2e) ÷ GDP at current market prices (EUR M), same year","EC-JRC EDGAR 2026 report (all gases, GWP-100 AR5); World Bank WDI NY.GDP.MKTP.CD; ECB USD annual average"
AM,415.33,2025,10.748672,25879.6,0.884969,"total GHG excl. LULUCF (t CO2e) ÷ GDP at current market prices (EUR M), same year","EC-JRC EDGAR 2026 report (all gases, GWP-100 AR5); World Bank WDI NY.GDP.MKTP.CD; ECB USD annual average"
AO,653.72,2025,70.680753,108121.0,0.884969,"total GHG excl. LULUCF (t CO2e) ÷ GDP at current market prices (EUR M), same year","EC-JRC EDGAR 2026 report (all gases, GWP-100 AR5); World Bank WDI NY.GDP.MKTP.CD; ECB USD annual average"
AR,585.6,2025,354.004591,604520.5,0.884969,"total GHG excl. LULUCF (t CO2e) ÷ GDP at current market prices (EUR M), same year","EC-JRC EDGAR 2026 report (all gases, GWP-100 AR5); World Bank WDI NY.GDP.MKTP.CD; ECB USD annual average"
AT,134.87,2024,66.63783,494087.8,0.92389,"total GHG excl. LULUCF (t CO2e) ÷ GDP at current market prices (EUR M), same year","national inventory (UNFCCC, via Eurostat env_air_gge); World Bank WDI NY.GDP.MKTP.CD; ECB USD annual average"
AU,363.19,2025,578.062349,1591633.6,0.884969,"total GHG excl. LULUCF (t CO2e) ÷ GDP at current market prices (EUR M), same year","EC-JRC EDGAR 2026 report (all gases, GWP-100 AR5); World Bank WDI NY.GDP.MKTP.CD; ECB USD annual average"
AW,139.24,2024,0.536139,3850.4,0.92389,"total GHG excl. LULUCF (t CO2e) ÷ GDP at current market prices (EUR M), same year","EC-JRC EDGAR 2026 report (all gases, GWP-100 AR5); World Bank WDI NY.GDP.MKTP.CD; ECB USD annual average"
AZ,858.91,2025,57.720764,67202.5,0.884969,"total GHG excl. LULUCF (t CO2e) ÷ GDP at current market prices (EUR M), same year","EC-JRC EDGAR 2026 report (all gases, GWP-100 AR5); World Bank WDI NY.GDP.MKTP.CD; ECB USD annual average"
BA,925.05,2025,26.687658,28850.0,0.884969,"total GHG excl. LULUCF (t CO2e) ÷ GDP at current market prices (EUR M), same year","EC-JRC EDGAR 2026 report (all gases, GWP-100 AR5); World Bank WDI NY.GDP.MKTP.CD; ECB USD annual average"
BB,141.76,2025,1.005737,7094.4,0.884969,"total GHG excl. LULUCF (t CO2e) ÷ GDP at current market prices (EUR M), same year","EC-JRC EDGAR 2026 report (all gases, GWP-100 AR5); World Bank WDI NY.GDP.MKTP.CD; ECB USD annual average"
BD,597.35,2025,241.224977,403828.4,0.884969,"total GHG excl. LULUCF (t CO2e) ÷ GDP at current market prices (EUR M), same year","EC-JRC EDGAR 2026 report (all gases, GWP-100 AR5); World Bank WDI NY.GDP.MKTP.CD; ECB USD annual average"
BE,158.11,2024,98.01241,619914.6,0.92389,"total GHG excl. LULUCF (t CO2e) ÷ GDP at current market prices (EUR M), same year","national inventory (UNFCCC, via Eurostat env_air_gge); World Bank WDI NY.GDP.MKTP.CD; ECB USD annual average"
BF,1402.14,2025,34.28132,24449.3,0.884969,"total GHG excl. LULUCF (t CO2e) ÷ GDP at current market prices (EUR M), same year","EC-JRC EDGAR 2026 report (all gases, GWP-100 AR5); World Bank WDI NY.GDP.MKTP.CD; ECB USD annual average"
BG,414.2,2024,43.37631,104722.1,0.92389,"total GHG excl. LULUCF (t CO2e) ÷ GDP at current market prices (EUR M), same year","national inventory (UNFCCC, via Eurostat env_air_gge); World Bank WDI NY.GDP.MKTP.CD; ECB USD annual average"
BH,1574.67,2025,68.235529,43333.2,0.884969,"total GHG excl. LULUCF (t CO2e) ÷ GDP at current market prices (EUR M), same year","EC-JRC EDGAR 2026 report (all gases, GWP-100 AR5); World Bank WDI NY.GDP.MKTP.CD; ECB USD annual average"
BI,2530.25,2025,7.534256,2977.7,0.884969,"total GHG excl. LULUCF (t CO2e) ÷ GDP at current market prices (EUR M), same year","EC-JRC EDGAR 2026 report (all gases, GWP-100 AR5); World Bank WDI NY.GDP.MKTP.CD; ECB USD annual average"
BJ,940.59,2025,20.448859,21740.5,0.884969,"total GHG excl. LULUCF (t CO2e) ÷ GDP at current market prices (EUR M), same year","EC-JRC EDGAR 2026 report (all gases, GWP-100 AR5); World Bank WDI NY.GDP.MKTP.CD; ECB USD annual average"
BM,32.75,2024,0.278238,8494.7,0.92389,"total GHG excl. LULUCF (t CO2e) ÷ GDP at current market prices (EUR M), same year","EC-JRC EDGAR 2026 report (all gases, GWP-100 AR5); World Bank WDI NY.GDP.MKTP.CD; ECB USD annual average"
BN,860.06,2025,11.441177,13302.8,0.884969,"total GHG excl. LULUCF (t CO2e) ÷ GDP at current market prices (EUR M), same year","EC-JRC EDGAR 2026 report (all gases, GWP-100 AR5); World Bank WDI NY.GDP.MKTP.CD; ECB USD annual average"
BO,1034.0,2025,59.267414,57318.5,0.884969,"total GHG excl. LULUCF (t CO2e) ÷ GDP at current market prices (EUR M), same year","EC-JRC EDGAR 2026 report (all gases, GWP-100 AR5); World Bank WDI NY.GDP.MKTP.CD; ECB USD annual average"
BR,647.58,2025,1306.593777,2017658.8,0.884969,"total GHG excl. LULUCF (t CO2e) ÷ GDP at current market prices (EUR M), same year","EC-JRC EDGAR 2026 report (all gases, GWP-100 AR5); World Bank WDI NY.GDP.MKTP.CD; ECB USD annual average"
BS,127.89,2024,1.870678,14627.8,0.92389,"total GHG excl. LULUCF (t CO2e) ÷ GDP at current market prices (EUR M), same year","EC-JRC EDGAR 2026 report (all gases, GWP-100 AR5); World Bank WDI NY.GDP.MKTP.CD; ECB USD annual average"
BT,1076.61,2025,3.410271,3167.6,0.884969,"total GHG excl. LULUCF (t CO2e) ÷ GDP at current market prices (EUR M), same year","EC-JRC EDGAR 2026 report (all gases, GWP-100 AR5); World Bank WDI NY.GDP.MKTP.CD; ECB USD annual average"
BW,720.68,2025,12.710049,17636.1,0.884969,"total GHG excl. LULUCF (t CO2e) ÷ GDP at current market prices (EUR M), same year","EC-JRC EDGAR 2026 report (all gases, GWP-100 AR5); World Bank WDI NY.GDP.MKTP.CD; ECB USD annual average"
BY,1062.91,2025,87.853104,82653.6,0.884969,"total GHG excl. LULUCF (t CO2e) ÷ GDP at current market prices (EUR M), same year","EC-JRC EDGAR 2026 report (all gases, GWP-100 AR5); World Bank WDI NY.GDP.MKTP.CD; ECB USD annual average"
BZ,322.32,2025,0.948856,2943.8,0.884969,"total GHG excl. LULUCF (t CO2e) ÷ GDP at current market prices (EUR M), same year","EC-JRC EDGAR 2026 report (all gases, GWP-100 AR5); World Bank WDI NY.GDP.MKTP.CD; ECB USD annual average"
CA,372.38,2025,764.516042,2053039.5,0.884969,"total GHG excl. LULUCF (t CO2e) ÷ GDP at current market prices (EUR M), same year","EC-JRC EDGAR 2026 report (all gases, GWP-100 AR5); World Bank WDI NY.GDP.MKTP.CD; ECB USD annual average"
CD,705.28,2025,56.816795,80559.2,0.884969,"total GHG excl. LULUCF (t CO2e) ÷ GDP at current market prices (EUR M), same year","EC-JRC EDGAR 2026 report (all gases, GWP-100 AR5); World Bank WDI NY.GDP.MKTP.CD; ECB USD annual average"
CF,4882.05,2025,13.247008,2713.4,0.884969,"total GHG excl. LULUCF (t CO2e) ÷ GDP at current market prices (EUR M), same year","EC-JRC EDGAR 2026 report (all gases, GWP-100 AR5); World Bank WDI NY.GDP.MKTP.CD; ECB USD annual average"
CG,1690.5,2025,24.395346,14430.9,0.884969,"total GHG excl. LULUCF (t CO2e) ÷ GDP at current market prices (EUR M), same year","EC-JRC EDGAR 2026 report (all gases, GWP-100 AR5); World Bank WDI NY.GDP.MKTP.CD; ECB USD annual average"
CH,44.76,2024,40.11105,896099.1,0.92389,"total GHG excl. LULUCF (t CO2e) ÷ GDP at current market prices (EUR M), same year","national inventory (UNFCCC, via Eurostat env_air_gge); World Bank WDI NY.GDP.MKTP.CD; ECB USD annual average"
CI,477.43,2025,42.15528,88296.5,0.884969,"total GHG excl. LULUCF (t CO2e) ÷ GDP at current market prices (EUR M), same year","EC-JRC EDGAR 2026 report (all gases, GWP-100 AR5); World Bank WDI NY.GDP.MKTP.CD; ECB USD annual average"
CL,367.8,2025,116.322672,316262.4,0.884969,"total GHG excl. LULUCF (t CO2e) ÷ GDP at current market prices (EUR M), same year","EC-JRC EDGAR 2026 report (all gases, GWP-100 AR5); World Bank WDI NY.GDP.MKTP.CD; ECB USD annual average"
CM,759.06,2025,39.588152,52154.3,0.884969,"total GHG excl. LULUCF (t CO2e) ÷ GDP at current market prices (EUR M), same year","EC-JRC EDGAR 2026 report (all gases, GWP-100 AR5); World Bank WDI NY.GDP.MKTP.CD; ECB USD annual average"
CN,926.16,2025,15980.974041,17255161.7,0.884969,"total GHG excl. LULUCF (t CO2e) ÷ GDP at current market prices (EUR M), same year","EC-JRC EDGAR 2026 report (all gases, GWP-100 AR5); World Bank WDI NY.GDP.MKTP.CD; ECB USD annual average"
CO,509.26,2025,206.14369,404793.7,0.884969,"total GHG excl. LULUCF (t CO2e) ÷ GDP at current market prices (EUR M), same year","EC-JRC EDGAR 2026 report (all gases, GWP-100 AR5); World Bank WDI NY.GDP.MKTP.CD; ECB USD annual average"
CR,193.38,2025,17.610281,91067.7,0.884969,"total GHG excl. LULUCF (t CO2e) ÷ GDP at current market prices (EUR M), same year","EC-JRC EDGAR 2026 report (all gases, GWP-100 AR5); World Bank WDI NY.GDP.MKTP.CD; ECB USD annual average"
CU,403.3,2020,37.90528,93987.4,0.875506,"total GHG excl. LULUCF (t CO2e) ÷ GDP at current market prices (EUR M), same year","EC-JRC EDGAR 2026 report (all gases, GWP-100 AR5); World Bank WDI NY.GDP.MKTP.CD; ECB USD annual average"
CV,365.29,2025,0.988131,2705.0,0.884969,"total GHG excl. LULUCF (t CO2e) ÷ GDP at current market prices (EUR M), same year","EC-JRC EDGAR 2026 report (all gases, GWP-100 AR5); World Bank WDI NY.GDP.MKTP.CD; ECB USD annual average"
CY,254.09,2024,8.83464,34770.2,0.92389,"total GHG excl. LULUCF (t CO2e) ÷ GDP at current market prices (EUR M), same year","national inventory (UNFCCC, via Eurostat env_air_gge); World Bank WDI NY.GDP.MKTP.CD; ECB USD annual average"
CZ,301.24,2024,96.59716,320666.1,0.92389,"total GHG excl. LULUCF (t CO2e) ÷ GDP at current market prices (EUR M), same year","national inventory (UNFCCC, via Eurostat env_air_gge); World Bank WDI NY.GDP.MKTP.CD; ECB USD annual average"
DE,150.1,2024,649.76952,4328971.9,0.92389,"total GHG excl. LULUCF (t CO2e) ÷ GDP at current market prices (EUR M), same year","national inventory (UNFCCC, via Eurostat env_air_gge); World Bank WDI NY.GDP.MKTP.CD; ECB USD annual average"
DJ,594.71,2025,2.433909,4092.6,0.884969,"total GHG excl. LULUCF (t CO2e) ÷ GDP at current market prices (EUR M), same year","EC-JRC EDGAR 2026 report (all gases, GWP-100 AR5); World Bank WDI NY.GDP.MKTP.CD; ECB USD annual average"
DK,93.7,2024,36.75154,392214.1,0.92389,"total GHG excl. LULUCF (t CO2e) ÷ GDP at current market prices (EUR M), same year","national inventory (UNFCCC, via Eurostat env_air_gge); World Bank WDI NY.GDP.MKTP.CD; ECB USD annual average"
DM,237.6,2025,0.152203,640.6,0.884969,"total GHG excl. LULUCF (t CO2e) ÷ GDP at current market prices (EUR M), same year","EC-JRC EDGAR 2026 report (all gases, GWP-100 AR5); World Bank WDI NY.GDP.MKTP.CD; ECB USD annual average"
DO,459.28,2025,51.784202,112751.7,0.884969,"total GHG excl. LULUCF (t CO2e) ÷ GDP at current market prices (EUR M), same year","EC-JRC EDGAR 2026 report (all gases, GWP-100 AR5); World Bank WDI NY.GDP.MKTP.CD; ECB USD annual average"
DZ,1060.87,2025,269.476465,254013.8,0.884969,"total GHG excl. LULUCF (t CO2e) ÷ GDP at current market prices (EUR M), same year","EC-JRC EDGAR 2026 report (all gases, GWP-100 AR5); World Bank WDI NY.GDP.MKTP.CD; ECB USD annual average"
EC,608.57,2025,70.186732,115329.7,0.884969,"total GHG excl. LULUCF (t CO2e) ÷ GDP at current market prices (EUR M), same year","EC-JRC EDGAR 2026 report (all gases, GWP-100 AR5); World Bank WDI NY.GDP.MKTP.CD; ECB USD annual average"
EE,256.99,2024,10.24062,39847.8,0.92389,"total GHG excl. LULUCF (t CO2e) ÷ GDP at current market prices (EUR M), same year","national inventory (UNFCCC, via Eurostat env_air_gge); World Bank WDI NY.GDP.MKTP.CD; ECB USD annual average"
EG,1209.28,2025,390.885297,323239.0,0.884969,"total GHG excl. LULUCF (t CO2e) ÷ GDP at current market prices (EUR M), same year","EC-JRC EDGAR 2026 report (all gases, GWP-100 AR5); World Bank WDI NY.GDP.MKTP.CD; ECB USD annual average"
ES,167.91,2024,267.70736,1594330.7,0.92389,"total GHG excl. LULUCF (t CO2e) ÷ GDP at current market prices (EUR M), same year","national inventory (UNFCCC, via Eurostat env_air_gge); World Bank WDI NY.GDP.MKTP.CD; ECB USD annual average"
ET,1703.96,2025,190.543283,111823.6,0.884969,"total GHG excl. LULUCF (t CO2e) ÷ GDP at current market prices (EUR M), same year","EC-JRC EDGAR 2026 report (all gases, GWP-100 AR5); World Bank WDI NY.GDP.MKTP.CD; ECB USD annual average"
FI,142.33,2024,39.28333,275993.1,0.92389,"total GHG excl. LULUCF (t CO2e) ÷ GDP at current market prices (EUR M), same year","national inventory (UNFCCC, via Eurostat env_air_gge); World Bank WDI NY.GDP.MKTP.CD; ECB USD annual average"
FJ,629.13,2025,3.450797,5485.0,0.884969,"total GHG excl. LULUCF (t CO2e) ÷ GDP at current market prices (EUR M), same year","EC-JRC EDGAR 2026 report (all gases, GWP-100 AR5); World Bank WDI NY.GDP.MKTP.CD; ECB USD annual average"
FM,375.9,2023,0.154,409.7,0.924839,"total GHG excl. LULUCF (t CO2e) ÷ GDP at current market prices (EUR M), same year",OWID total_ghg_excluding_lucf; World Bank WDI NY.GDP.MKTP.CD; ECB USD annual average
FO,27.14,2024,0.101615,3744.5,0.92389,"total GHG excl. LULUCF (t CO2e) ÷ GDP at current market prices (EUR M), same year","EC-JRC EDGAR 2026 report (all gases, GWP-100 AR5); World Bank WDI NY.GDP.MKTP.CD; ECB USD annual average"
FR,125.7,2024,367.01868,2919901.2,0.92389,"total GHG excl. LULUCF (t CO2e) ÷ GDP at current market prices (EUR M), same year","national inventory (UNFCCC, via Eurostat env_air_gge); World Bank WDI NY.GDP.MKTP.CD; ECB USD annual average"
GA,1052.57,2025,19.959107,18962.3,0.884969,"total GHG excl. LULUCF (t CO2e) ÷ GDP at current market prices (EUR M), same year","EC-JRC EDGAR 2026 report (all gases, GWP-100 AR5); World Bank WDI NY.GDP.MKTP.CD; ECB USD annual average"
GB,106.23,2025,376.29398,3542166.2,0.884969,"total GHG excl. LULUCF (t CO2e) ÷ GDP at current market prices (EUR M), same year","EC-JRC EDGAR 2026 report (all gases, GWP-100 AR5); World Bank WDI NY.GDP.MKTP.CD; ECB USD annual average"
GD,203.27,2025,0.255472,1256.8,0.884969,"total GHG excl. LULUCF (t CO2e) ÷ GDP at current market prices (EUR M), same year","EC-JRC EDGAR 2026 report (all gases, GWP-100 AR5); World Bank WDI NY.GDP.MKTP.CD; ECB USD annual average"
GE,577.43,2025,19.491714,33755.9,0.884969,"total GHG excl. LULUCF (t CO2e) ÷ GDP at current market prices (EUR M), same year","EC-JRC EDGAR 2026 report (all gases, GWP-100 AR5); World Bank WDI NY.GDP.MKTP.CD; ECB USD annual average"
GH,507.36,2025,51.279826,101072.2,0.884969,"total GHG excl. LULUCF (t CO2e) ÷ GDP at current market prices (EUR M), same year","EC-JRC EDGAR 2026 report (all gases, GWP-100 AR5); World Bank WDI NY.GDP.MKTP.CD; ECB USD annual average"
GL,215.87,2023,0.664119,3076.5,0.924839,"total GHG excl. LULUCF (t CO2e) ÷ GDP at current market prices (EUR M), same year","EC-JRC EDGAR 2026 report (all gases, GWP-100 AR5); World Bank WDI NY.GDP.MKTP.CD; ECB USD annual average"
GM,840.23,2025,1.928595,2295.3,0.884969,"total GHG excl. LULUCF (t CO2e) ÷ GDP at current market prices (EUR M), same year","EC-JRC EDGAR 2026 report (all gases, GWP-100 AR5); World Bank WDI NY.GDP.MKTP.CD; ECB USD annual average"
GN,1207.13,2025,30.281258,25085.4,0.884969,"total GHG excl. LULUCF (t CO2e) ÷ GDP at current market prices (EUR M), same year","EC-JRC EDGAR 2026 report (all gases, GWP-100 AR5); World Bank WDI NY.GDP.MKTP.CD; ECB USD annual average"
GQ,665.64,2025,7.553726,11348.1,0.884969,"total GHG excl. LULUCF (t CO2e) ÷ GDP at current market prices (EUR M), same year","EC-JRC EDGAR 2026 report (all gases, GWP-100 AR5); World Bank WDI NY.GDP.MKTP.CD; ECB USD annual average"
GR,309.55,2024,73.28153,236736.1,0.92389,"total GHG excl. LULUCF (t CO2e) ÷ GDP at current market prices (EUR M), same year","national inventory (UNFCCC, via Eurostat env_air_gge); World Bank WDI NY.GDP.MKTP.CD; ECB USD annual average"
GT,365.33,2025,39.865352,109122.0,0.884969,"total GHG excl. LULUCF (t CO2e) ÷ GDP at current market prices (EUR M), same year","EC-JRC EDGAR 2026 report (all gases, GWP-100 AR5); World Bank WDI NY.GDP.MKTP.CD; ECB USD annual average"
GW,1506.46,2025,3.370166,2237.1,0.884969,"total GHG excl. LULUCF (t CO2e) ÷ GDP at current market prices (EUR M), same year","EC-JRC EDGAR 2026 report (all gases, GWP-100 AR5); World Bank WDI NY.GDP.MKTP.CD; ECB USD annual average"
GY,439.03,2025,10.528109,23980.4,0.884969,"total GHG excl. LULUCF (t CO2e) ÷ GDP at current market prices (EUR M), same year","EC-JRC EDGAR 2026 report (all gases, GWP-100 AR5); World Bank WDI NY.GDP.MKTP.CD; ECB USD annual average"
HK,99.63,2025,37.67399,378156.4,0.884969,"total GHG excl. LULUCF (t CO2e) ÷ GDP at current market prices (EUR M), same year","EC-JRC EDGAR 2026 report (all gases, GWP-100 AR5); World Bank WDI NY.GDP.MKTP.CD; ECB USD annual average"
HN,717.41,2025,25.14229,35046.0,0.884969,"total GHG excl. LULUCF (t CO2e) ÷ GDP at current market prices (EUR M), same year","EC-JRC EDGAR 2026 report (all gases, GWP-100 AR5); World Bank WDI NY.GDP.MKTP.CD; ECB USD annual average"
HR,294.23,2024,25.27542,85905.0,0.92389,"total GHG excl. LULUCF (t CO2e) ÷ GDP at current market prices (EUR M), same year","national inventory (UNFCCC, via Eurostat env_air_gge); World Bank WDI NY.GDP.MKTP.CD; ECB USD annual average"
HT,425.39,2025,12.075812,28387.4,0.884969,"total GHG excl. LULUCF (t CO2e) ÷ GDP at current market prices (EUR M), same year","EC-JRC EDGAR 2026 report (all gases, GWP-100 AR5); World Bank WDI NY.GDP.MKTP.CD; ECB USD annual average"
HU,260.62,2024,53.65911,205887.2,0.92389,"total GHG excl. LULUCF (t CO2e) ÷ GDP at current market prices (EUR M), same year","national inventory (UNFCCC, via Eurostat env_air_gge); World Bank WDI NY.GDP.MKTP.CD; ECB USD annual average"
ID,1062.19,2025,1358.912941,1279349.0,0.884969,"total GHG excl. LULUCF (t CO2e) ÷ GDP at current market prices (EUR M), same year","EC-JRC EDGAR 2026 report (all gases, GWP-100 AR5); World Bank WDI NY.GDP.MKTP.CD; ECB USD annual average"
IE,95.83,2024,53.93094,562794.5,0.92389,"total GHG excl. LULUCF (t CO2e) ÷ GDP at current market prices (EUR M), same year","national inventory (UNFCCC, via Eurostat env_air_gge); World Bank WDI NY.GDP.MKTP.CD; ECB USD annual average"
IL,142.19,2025,76.856115,540519.5,0.884969,"total GHG excl. LULUCF (t CO2e) ÷ GDP at current market prices (EUR M), same year","EC-JRC EDGAR 2026 report (all gases, GWP-100 AR5); World Bank WDI NY.GDP.MKTP.CD; ECB USD annual average"
IN,1287.64,2025,4508.007756,3500997.0,0.884969,"total GHG excl. LULUCF (t CO2e) ÷ GDP at current market prices (EUR M), same year","EC-JRC EDGAR 2026 report (all gases, GWP-100 AR5); World Bank WDI NY.GDP.MKTP.CD; ECB USD annual average"
IQ,1902.76,2025,428.32549,225107.2,0.884969,"total GHG excl. LULUCF (t CO2e) ÷ GDP at current market prices (EUR M), same year","EC-JRC EDGAR 2026 report (all gases, GWP-100 AR5); World Bank WDI NY.GDP.MKTP.CD; ECB USD annual average"
IR,3487.39,2025,1119.320624,320962.5,0.884969,"total GHG excl. LULUCF (t CO2e) ÷ GDP at current market prices (EUR M), same year","EC-JRC EDGAR 2026 report (all gases, GWP-100 AR5); World Bank WDI NY.GDP.MKTP.CD; ECB USD annual average"
IS,155.87,2024,4.77904,30660.8,0.92389,"total GHG excl. LULUCF (t CO2e) ÷ GDP at current market prices (EUR M), same year","national inventory (UNFCCC, via Eurostat env_air_gge); World Bank WDI NY.GDP.MKTP.CD; ECB USD annual average"
IT,165.07,2024,363.4898,2202032.2,0.92389,"total GHG excl. LULUCF (t CO2e) ÷ GDP at current market prices (EUR M), same year","national inventory (UNFCCC, via Eurostat env_air_gge); World Bank WDI NY.GDP.MKTP.CD; ECB USD annual average"
JM,480.55,2025,9.655671,20093.1,0.884969,"total GHG excl. LULUCF (t CO2e) ÷ GDP at current market prices (EUR M), same year","EC-JRC EDGAR 2026 report (all gases, GWP-100 AR5); World Bank WDI NY.GDP.MKTP.CD; ECB USD annual average"
JO,725.24,2025,39.542489,54523.0,0.884969,"total GHG excl. LULUCF (t CO2e) ÷ GDP at current market prices (EUR M), same year","EC-JRC EDGAR 2026 report (all gases, GWP-100 AR5); World Bank WDI NY.GDP.MKTP.CD; ECB USD annual average"
JP,270.86,2025,1063.128892,3924982.1,0.884969,"total GHG excl. LULUCF (t CO2e) ÷ GDP at current market prices (EUR M), same year","EC-JRC EDGAR 2026 report (all gases, GWP-100 AR5); World Bank WDI NY.GDP.MKTP.CD; ECB USD annual average"
KE,905.94,2025,108.988387,120303.8,0.884969,"total GHG excl. LULUCF (t CO2e) ÷ GDP at current market prices (EUR M), same year","EC-JRC EDGAR 2026 report (all gases, GWP-100 AR5); World Bank WDI NY.GDP.MKTP.CD; ECB USD annual average"
KG,1221.63,2025,24.458741,20021.3,0.884969,"total GHG excl. LULUCF (t CO2e) ÷ GDP at current market prices (EUR M), same year","EC-JRC EDGAR 2026 report (all gases, GWP-100 AR5); World Bank WDI NY.GDP.MKTP.CD; ECB USD annual average"
KH,1275.59,2025,57.87302,45369.8,0.884969,"total GHG excl. LULUCF (t CO2e) ÷ GDP at current market prices (EUR M), same year","EC-JRC EDGAR 2026 report (all gases, GWP-100 AR5); World Bank WDI NY.GDP.MKTP.CD; ECB USD annual average"
KI,368.35,2025,0.113839,309.1,0.884969,"total GHG excl. LULUCF (t CO2e) ÷ GDP at current market prices (EUR M), same year","EC-JRC EDGAR 2026 report (all gases, GWP-100 AR5); World Bank WDI NY.GDP.MKTP.CD; ECB USD annual average"
KM,550.78,2025,0.884635,1606.1,0.884969,"total GHG excl. LULUCF (t CO2e) ÷ GDP at current market prices (EUR M), same year","EC-JRC EDGAR 2026 report (all gases, GWP-100 AR5); World Bank WDI NY.GDP.MKTP.CD; ECB USD annual average"
KN,167.7,2025,0.175647,1047.4,0.884969,"total GHG excl. LULUCF (t CO2e) ÷ GDP at current market prices (EUR M), same year","EC-JRC EDGAR 2026 report (all gases, GWP-100 AR5); World Bank WDI NY.GDP.MKTP.CD; ECB USD annual average"
KR,420.07,2025,696.055434,1656993.9,0.884969,"total GHG excl. LULUCF (t CO2e) ÷ GDP at current market prices (EUR M), same year","EC-JRC EDGAR 2026 report (all gases, GWP-100 AR5); World Bank WDI NY.GDP.MKTP.CD; ECB USD annual average"
KW,1273.25,2025,177.141535,139125.1,0.884969,"total GHG excl. LULUCF (t CO2e) ÷ GDP at current market prices (EUR M), same year","EC-JRC EDGAR 2026 report (all gases, GWP-100 AR5); World Bank WDI NY.GDP.MKTP.CD; ECB USD annual average"
KY,58.13,2024,0.41702,7174.3,0.92389,"total GHG excl. LULUCF (t CO2e) ÷ GDP at current market prices (EUR M), same year","EC-JRC EDGAR 2026 report (all gases, GWP-100 AR5); World Bank WDI NY.GDP.MKTP.CD; ECB USD annual average"
KZ,1319.95,2025,357.721788,271012.2,0.884969,"total GHG excl. LULUCF (t CO2e) ÷ GDP at current market prices (EUR M), same year","EC-JRC EDGAR 2026 report (all gases, GWP-100 AR5); World Bank WDI NY.GDP.MKTP.CD; ECB USD annual average"
LA,2450.99,2025,39.700001,16197.6,0.884969,"total GHG excl. LULUCF (t CO2e) ÷ GDP at current market prices (EUR M), same year","EC-JRC EDGAR 2026 report (all gases, GWP-100 AR5); World Bank WDI NY.GDP.MKTP.CD; ECB USD annual average"
LB,847.48,2024,20.335288,23994.9,0.92389,"total GHG excl. LULUCF (t CO2e) ÷ GDP at current market prices (EUR M), same year","EC-JRC EDGAR 2026 report (all gases, GWP-100 AR5); World Bank WDI NY.GDP.MKTP.CD; ECB USD annual average"
LC,198.8,2025,0.467364,2350.9,0.884969,"total GHG excl. LULUCF (t CO2e) ÷ GDP at current market prices (EUR M), same year","EC-JRC EDGAR 2026 report (all gases, GWP-100 AR5); World Bank WDI NY.GDP.MKTP.CD; ECB USD annual average"
LI,22.31,2023,0.17,7620.1,0.924839,"total GHG excl. LULUCF (t CO2e) ÷ GDP at current market prices (EUR M), same year",OWID total_ghg_excluding_lucf; World Bank WDI NY.GDP.MKTP.CD; ECB USD annual average
LK,320.36,2025,30.852483,96307.0,0.884969,"total GHG excl. LULUCF (t CO2e) ÷ GDP at current market prices (EUR M), same year","EC-JRC EDGAR 2026 report (all gases, GWP-100 AR5); World Bank WDI NY.GDP.MKTP.CD; ECB USD annual average"
LR,1019.0,2025,4.730711,4642.5,0.884969,"total GHG excl. LULUCF (t CO2e) ÷ GDP at current market prices (EUR M), same year","EC-JRC EDGAR 2026 report (all gases, GWP-100 AR5); World Bank WDI NY.GDP.MKTP.CD; ECB USD annual average"
LS,1406.52,2025,3.203384,2277.5,0.884969,"total GHG excl. LULUCF (t CO2e) ÷ GDP at current market prices (EUR M), same year","EC-JRC EDGAR 2026 report (all gases, GWP-100 AR5); World Bank WDI NY.GDP.MKTP.CD; ECB USD annual average"
LT,231.75,2024,18.30707,78996.2,0.92389,"total GHG excl. LULUCF (t CO2e) ÷ GDP at current market prices (EUR M), same year","national inventory (UNFCCC, via Eurostat env_air_gge); World Bank WDI NY.GDP.MKTP.CD; ECB USD annual average"
LU,86.99,2024,7.49695,86180.3,0.92389,"total GHG excl. LULUCF (t CO2e) ÷ GDP at current market prices (EUR M), same year","national inventory (UNFCCC, via Eurostat env_air_gge); World Bank WDI NY.GDP.MKTP.CD; ECB USD annual average"
LV,236.85,2024,9.62849,40652.3,0.92389,"total GHG excl. LULUCF (t CO2e) ÷ GDP at current market prices (EUR M), same year","national inventory (UNFCCC, via Eurostat env_air_gge); World Bank WDI NY.GDP.MKTP.CD; ECB USD annual average"
LY,2760.95,2025,117.52277,42566.0,0.884969,"total GHG excl. LULUCF (t CO2e) ÷ GDP at current market prices (EUR M), same year","EC-JRC EDGAR 2026 report (all gases, GWP-100 AR5); World Bank WDI NY.GDP.MKTP.CD; ECB USD annual average"
MA,702.39,2025,113.361978,161395.6,0.884969,"total GHG excl. LULUCF (t CO2e) ÷ GDP at current market prices (EUR M), same year","EC-JRC EDGAR 2026 report (all gases, GWP-100 AR5); World Bank WDI NY.GDP.MKTP.CD; ECB USD annual average"
MD,616.72,2025,11.107488,18010.7,0.884969,"total GHG excl. LULUCF (t CO2e) ÷ GDP at current market prices (EUR M), same year","EC-JRC EDGAR 2026 report (all gases, GWP-100 AR5); World Bank WDI NY.GDP.MKTP.CD; ECB USD annual average"
ME,392.85,2023,2.777,7068.8,0.924839,"total GHG excl. LULUCF (t CO2e) ÷ GDP at current market prices (EUR M), same year",OWID total_ghg_excluding_lucf; World Bank WDI NY.GDP.MKTP.CD; ECB USD annual average
MG,1925.68,2025,33.436417,17363.4,0.884969,"total GHG excl. LULUCF (t CO2e) ÷ GDP at current market prices (EUR M), same year","EC-JRC EDGAR 2026 report (all gases, GWP-100 AR5); World Bank WDI NY.GDP.MKTP.CD; ECB USD annual average"
MK,582.88,2025,9.852991,16904.0,0.884969,"total GHG excl. LULUCF (t CO2e) ÷ GDP at current market prices (EUR M), same year","EC-JRC EDGAR 2026 report (all gases, GWP-100 AR5); World Bank WDI NY.GDP.MKTP.CD; ECB USD annual average"
ML,1875.62,2025,49.910862,26610.3,0.884969,"total GHG excl. LULUCF (t CO2e) ÷ GDP at current market prices (EUR M), same year","EC-JRC EDGAR 2026 report (all gases, GWP-100 AR5); World Bank WDI NY.GDP.MKTP.CD; ECB USD annual average"
MM,1843.87,2025,133.259405,72271.7,0.884969,"total GHG excl. LULUCF (t CO2e) ÷ GDP at current market prices (EUR M), same year","EC-JRC EDGAR 2026 report (all gases, GWP-100 AR5); World Bank WDI NY.GDP.MKTP.CD; ECB USD annual average"
MN,4726.88,2025,106.122491,22450.9,0.884969,"total GHG excl. LULUCF (t CO2e) ÷ GDP at current market prices (EUR M), same year","EC-JRC EDGAR 2026 report (all gases, GWP-100 AR5); World Bank WDI NY.GDP.MKTP.CD; ECB USD annual average"
MO,42.54,2025,1.959857,46072.4,0.884969,"total GHG excl. LULUCF (t CO2e) ÷ GDP at current market prices (EUR M), same year","EC-JRC EDGAR 2026 report (all gases, GWP-100 AR5); World Bank WDI NY.GDP.MKTP.CD; ECB USD annual average"
MR,1725.47,2025,17.835072,10336.4,0.884969,"total GHG excl. LULUCF (t CO2e) ÷ GDP at current market prices (EUR M), same year","EC-JRC EDGAR 2026 report (all gases, GWP-100 AR5); World Bank WDI NY.GDP.MKTP.CD; ECB USD annual average"
MT,93.8,2024,2.17021,23136.7,0.92389,"total GHG excl. LULUCF (t CO2e) ÷ GDP at current market prices (EUR M), same year","national inventory (UNFCCC, via Eurostat env_air_gge); World Bank WDI NY.GDP.MKTP.CD; ECB USD annual average"
MU,481.91,2025,6.890884,14299.2,0.884969,"total GHG excl. LULUCF (t CO2e) ÷ GDP at current market prices (EUR M), same year","EC-JRC EDGAR 2026 report (all gases, GWP-100 AR5); World Bank WDI NY.GDP.MKTP.CD; ECB USD annual average"
MV,301.25,2025,2.063734,6850.6,0.884969,"total GHG excl. LULUCF (t CO2e) ÷ GDP at current market prices (EUR M), same year","EC-JRC EDGAR 2026 report (all gases, GWP-100 AR5); World Bank WDI NY.GDP.MKTP.CD; ECB USD annual average"
MW,1630.27,2025,21.523221,13202.2,0.884969,"total GHG excl. LULUCF (t CO2e) ÷ GDP at current market prices (EUR M), same year","EC-JRC EDGAR 2026 report (all gases, GWP-100 AR5); World Bank WDI NY.GDP.MKTP.CD; ECB USD annual average"
MX,441.98,2025,716.813456,1621830.9,0.884969,"total GHG excl. LULUCF (t CO2e) ÷ GDP at current market prices (EUR M), same year","EC-JRC EDGAR 2026 report (all gases, GWP-100 AR5); World Bank WDI NY.GDP.MKTP.CD; ECB USD annual average"
MY,807.13,2025,337.281148,417876.3,0.884969,"total GHG excl. LULUCF (t CO2e) ÷ GDP at current market prices (EUR M), same year","EC-JRC EDGAR 2026 report (all gases, GWP-100 AR5); World Bank WDI NY.GDP.MKTP.CD; ECB USD annual average"
MZ,1847.86,2025,36.529373,19768.4,0.884969,"total GHG excl. LULUCF (t CO2e) ÷ GDP at current market prices (EUR M), same year","EC-JRC EDGAR 2026 report (all gases, GWP-100 AR5); World Bank WDI NY.GDP.MKTP.CD; ECB USD annual average"
NA,952.54,2025,12.712281,13345.6,0.884969,"total GHG excl. LULUCF (t CO2e) ÷ GDP at current market prices (EUR M), same year","EC-JRC EDGAR 2026 report (all gases, GWP-100 AR5); World Bank WDI NY.GDP.MKTP.CD; ECB USD annual average"
NC,862.37,2024,6.811193,7898.3,0.92389,"total GHG excl. LULUCF (t CO2e) ÷ GDP at current market prices (EUR M), same year","EC-JRC EDGAR 2026 report (all gases, GWP-100 AR5); World Bank WDI NY.GDP.MKTP.CD; ECB USD annual average"
NE,2496.94,2025,47.831983,19156.2,0.884969,"total GHG excl. LULUCF (t CO2e) ÷ GDP at current market prices (EUR M), same year","EC-JRC EDGAR 2026 report (all gases, GWP-100 AR5); World Bank WDI NY.GDP.MKTP.CD; ECB USD annual average"
NG,1430.03,2025,368.009117,257344.0,0.884969,"total GHG excl. LULUCF (t CO2e) ÷ GDP at current market prices (EUR M), same year","EC-JRC EDGAR 2026 report (all gases, GWP-100 AR5); World Bank WDI NY.GDP.MKTP.CD; ECB USD annual average"
NI,998.55,2025,19.650642,19679.2,0.884969,"total GHG excl. LULUCF (t CO2e) ÷ GDP at current market prices (EUR M), same year","EC-JRC EDGAR 2026 report (all gases, GWP-100 AR5); World Bank WDI NY.GDP.MKTP.CD; ECB USD annual average"
NL,125.45,2024,140.69498,1121543.5,0.92389,"total GHG excl. LULUCF (t CO2e) ÷ GDP at current market prices (EUR M), same year","national inventory (UNFCCC, via Eurostat env_air_gge); World Bank WDI NY.GDP.MKTP.CD; ECB USD annual average"
NO,96.43,2024,44.6261,462763.8,0.92389,"total GHG excl. LULUCF (t CO2e) ÷ GDP at current market prices (EUR M), same year","national inventory (UNFCCC, via Eurostat env_air_gge); World Bank WDI NY.GDP.MKTP.CD; ECB USD annual average"
NP,1071.11,2025,43.1197,40257.1,0.884969,"total GHG excl. LULUCF (t CO2e) ÷ GDP at current market prices (EUR M), same year","EC-JRC EDGAR 2026 report (all gases, GWP-100 AR5); World Bank WDI NY.GDP.MKTP.CD; ECB USD annual average"
NR,388.24,2023,0.058,149.4,0.924839,"total GHG excl. LULUCF (t CO2e) ÷ GDP at current market prices (EUR M), same year",OWID total_ghg_excluding_lucf; World Bank WDI NY.GDP.MKTP.CD; ECB USD annual average
NZ,316.06,2025,73.857763,233682.6,0.884969,"total GHG excl. LULUCF (t CO2e) ÷ GDP at current market prices (EUR M), same year","EC-JRC EDGAR 2026 report (all gases, GWP-100 AR5); World Bank WDI NY.GDP.MKTP.CD; ECB USD annual average"
OM,1443.15,2025,139.981123,96996.8,0.884969,"total GHG excl. LULUCF (t CO2e) ÷ GDP at current market prices (EUR M), same year","EC-JRC EDGAR 2026 report (all gases, GWP-100 AR5); World Bank WDI NY.GDP.MKTP.CD; ECB USD annual average"
PA,249.66,2025,19.98698,80056.6,0.884969,"total GHG excl. LULUCF (t CO2e) ÷ GDP at current market prices (EUR M), same year","EC-JRC EDGAR 2026 report (all gases, GWP-100 AR5); World Bank WDI NY.GDP.MKTP.CD; ECB USD annual average"
PE,352.86,2025,104.564644,296336.0,0.884969,"total GHG excl. LULUCF (t CO2e) ÷ GDP at current market prices (EUR M), same year","EC-JRC EDGAR 2026 report (all gases, GWP-100 AR5); World Bank WDI NY.GDP.MKTP.CD; ECB USD annual average"
PF,226.32,2024,1.322265,5842.4,0.92389,"total GHG excl. LULUCF (t CO2e) ÷ GDP at current market prices (EUR M), same year","EC-JRC EDGAR 2026 report (all gases, GWP-100 AR5); World Bank WDI NY.GDP.MKTP.CD; ECB USD annual average"
PG,442.11,2025,12.715286,28760.3,0.884969,"total GHG excl. LULUCF (t CO2e) ÷ GDP at current market prices (EUR M), same year","EC-JRC EDGAR 2026 report (all gases, GWP-100 AR5); World Bank WDI NY.GDP.MKTP.CD; ECB USD annual average"
PH,626.94,2025,270.245891,431056.2,0.884969,"total GHG excl. LULUCF (t CO2e) ÷ GDP at current market prices (EUR M), same year","EC-JRC EDGAR 2026 report (all gases, GWP-100 AR5); World Bank WDI NY.GDP.MKTP.CD; ECB USD annual average"
PK,1473.42,2025,531.101648,360454.3,0.884969,"total GHG excl. LULUCF (t CO2e) ÷ GDP at current market prices (EUR M), same year","EC-JRC EDGAR 2026 report (all gases, GWP-100 AR5); World Bank WDI NY.GDP.MKTP.CD; ECB USD annual average"
PL,402.2,2024,341.03371,847915.8,0.92389,"total GHG excl. LULUCF (t CO2e) ÷ GDP at current market prices (EUR M), same year","national inventory (UNFCCC, via Eurostat env_air_gge); World Bank WDI NY.GDP.MKTP.CD; ECB USD annual average"
PR,132.29,2025,15.145169,114487.1,0.884969,"total GHG excl. LULUCF (t CO2e) ÷ GDP at current market prices (EUR M), same year","EC-JRC EDGAR 2026 report (all gases, GWP-100 AR5); World Bank WDI NY.GDP.MKTP.CD; ECB USD annual average"
PT,177.74,2024,51.50709,289784.4,0.92389,"total GHG excl. LULUCF (t CO2e) ÷ GDP at current market prices (EUR M), same year","national inventory (UNFCCC, via Eurostat env_air_gge); World Bank WDI NY.GDP.MKTP.CD; ECB USD annual average"
PW,5354.83,2025,1.634907,305.3,0.884969,"total GHG excl. LULUCF (t CO2e) ÷ GDP at current market prices (EUR M), same year","EC-JRC EDGAR 2026 report (all gases, GWP-100 AR5); World Bank WDI NY.GDP.MKTP.CD; ECB USD annual average"
PY,972.48,2025,42.409438,43609.7,0.884969,"total GHG excl. LULUCF (t CO2e) ÷ GDP at current market prices (EUR M), same year","EC-JRC EDGAR 2026 report (all gases, GWP-100 AR5); World Bank WDI NY.GDP.MKTP.CD; ECB USD annual average"
QA,870.66,2025,166.091017,190763.6,0.884969,"total GHG excl. LULUCF (t CO2e) ÷ GDP at current market prices (EUR M), same year","EC-JRC EDGAR 2026 report (all gases, GWP-100 AR5); World Bank WDI NY.GDP.MKTP.CD; ECB USD annual average"
RO,270.44,2024,95.58778,353447.2,0.92389,"total GHG excl. LULUCF (t CO2e) ÷ GDP at current market prices (EUR M), same year","national inventory (UNFCCC, via Eurostat env_air_gge); World Bank WDI NY.GDP.MKTP.CD; ECB USD annual average"
RS,629.3,2023,47.342,75230.1,0.924839,"total GHG excl. LULUCF (t CO2e) ÷ GDP at current market prices (EUR M), same year",OWID total_ghg_excluding_lucf; World Bank WDI NY.GDP.MKTP.CD; ECB USD annual average
RU,1135.75,2025,2574.389406,2266680.3,0.884969,"total GHG excl. LULUCF (t CO2e) ÷ GDP at current market prices (EUR M), same year","EC-JRC EDGAR 2026 report (all gases, GWP-100 AR5); World Bank WDI NY.GDP.MKTP.CD; ECB USD annual average"
RW,662.19,2025,9.594346,14488.8,0.884969,"total GHG excl. LULUCF (t CO2e) ÷ GDP at current market prices (EUR M), same year","EC-JRC EDGAR 2026 report (all gases, GWP-100 AR5); World Bank WDI NY.GDP.MKTP.CD; ECB USD annual average"
SA,747.71,2025,844.955323,1130055.0,0.884969,"total GHG excl. LULUCF (t CO2e) ÷ GDP at current market prices (EUR M), same year","EC-JRC EDGAR 2026 report (all gases, GWP-100 AR5); World Bank WDI NY.GDP.MKTP.CD; ECB USD annual average"
SB,343.33,2025,0.531587,1548.3,0.884969,"total GHG excl. LULUCF (t CO2e) ÷ GDP at current market prices (EUR M), same year","EC-JRC EDGAR 2026 report (all gases, GWP-100 AR5); World Bank WDI NY.GDP.MKTP.CD; ECB USD annual average"
SC,508.98,2025,1.075182,2112.4,0.884969,"total GHG excl. LULUCF (t CO2e) ÷ GDP at current market prices (EUR M), same year","EC-JRC EDGAR 2026 report (all gases, GWP-100 AR5); World Bank WDI NY.GDP.MKTP.CD; ECB USD annual average"
SD,2458.54,2025,130.897843,53242.1,0.884969,"total GHG excl. LULUCF (t CO2e) ÷ GDP at current market prices (EUR M), same year","EC-JRC EDGAR 2026 report (all gases, GWP-100 AR5); World Bank WDI NY.GDP.MKTP.CD; ECB USD annual average"
SE,84.99,2024,47.49366,558793.9,0.92389,"total GHG excl. LULUCF (t CO2e) ÷ GDP at current market prices (EUR M), same year","national inventory (UNFCCC, via Eurostat env_air_gge); World Bank WDI NY.GDP.MKTP.CD; ECB USD annual average"
SG,136.25,2025,72.81462,534405.8,0.884969,"total GHG excl. LULUCF (t CO2e) ÷ GDP at current market prices (EUR M), same year","EC-JRC EDGAR 2026 report (all gases, GWP-100 AR5); World Bank WDI NY.GDP.MKTP.CD; ECB USD annual average"
SI,229.67,2024,15.48381,67418.1,0.92389,"total GHG excl. LULUCF (t CO2e) ÷ GDP at current market prices (EUR M), same year","national inventory (UNFCCC, via Eurostat env_air_gge); World Bank WDI NY.GDP.MKTP.CD; ECB USD annual average"
SK,260.49,2024,33.91803,130207.6,0.92389,"total GHG excl. LULUCF (t CO2e) ÷ GDP at current market prices (EUR M), same year","national inventory (UNFCCC, via Eurostat env_air_gge); World Bank WDI NY.GDP.MKTP.CD; ECB USD annual average"
SL,1265.3,2025,8.357999,6605.5,0.884969,"total GHG excl. LULUCF (t CO2e) ÷ GDP at current market prices (EUR M), same year","EC-JRC EDGAR 2026 report (all gases, GWP-100 AR5); World Bank WDI NY.GDP.MKTP.CD; ECB USD annual average"
SN,1020.41,2025,33.418181,32749.6,0.884969,"total GHG excl. LULUCF (t CO2e) ÷ GDP at current market prices (EUR M), same year","EC-JRC EDGAR 2026 report (all gases, GWP-100 AR5); World Bank WDI NY.GDP.MKTP.CD; ECB USD annual average"
SO,3024.01,2025,34.777143,11500.4,0.884969,"total GHG excl. LULUCF (t CO2e) ÷ GDP at current market prices (EUR M), same year","EC-JRC EDGAR 2026 report (all gases, GWP-100 AR5); World Bank WDI NY.GDP.MKTP.CD; ECB USD annual average"
SR,886.56,2025,3.549183,4003.3,0.884969,"total GHG excl. LULUCF (t CO2e) ÷ GDP at current market prices (EUR M), same year","EC-JRC EDGAR 2026 report (all gases, GWP-100 AR5); World Bank WDI NY.GDP.MKTP.CD; ECB USD annual average"
SS,685.25,2015,7.41,10813.6,0.901296,"total GHG excl. LULUCF (t CO2e) ÷ GDP at current market prices (EUR M), same year",OWID total_ghg_excluding_lucf; World Bank WDI NY.GDP.MKTP.CD; ECB USD annual average
ST,297.63,2025,0.258469,868.4,0.884969,"total GHG excl. LULUCF (t CO2e) ÷ GDP at current market prices (EUR M), same year","EC-JRC EDGAR 2026 report (all gases, GWP-100 AR5); World Bank WDI NY.GDP.MKTP.CD; ECB USD annual average"
SV,477.28,2025,15.504733,32485.5,0.884969,"total GHG excl. LULUCF (t CO2e) ÷ GDP at current market prices (EUR M), same year","EC-JRC EDGAR 2026 report (all gases, GWP-100 AR5); World Bank WDI NY.GDP.MKTP.CD; ECB USD annual average"
SY,1831.67,2022,41.289214,22541.8,0.949623,"total GHG excl. LULUCF (t CO2e) ÷ GDP at current market prices (EUR M), same year","EC-JRC EDGAR 2026 report (all gases, GWP-100 AR5); World Bank WDI NY.GDP.MKTP.CD; ECB USD annual average"
SZ,753.13,2025,3.43956,4567.0,0.884969,"total GHG excl. LULUCF (t CO2e) ÷ GDP at current market prices (EUR M), same year","EC-JRC EDGAR 2026 report (all gases, GWP-100 AR5); World Bank WDI NY.GDP.MKTP.CD; ECB USD annual average"
TC,136.29,2024,0.219779,1612.5,0.92389,"total GHG excl. LULUCF (t CO2e) ÷ GDP at current market prices (EUR M), same year","EC-JRC EDGAR 2026 report (all gases, GWP-100 AR5); World Bank WDI NY.GDP.MKTP.CD; ECB USD annual average"
TD,5379.81,2025,102.231332,19002.8,0.884969,"total GHG excl. LULUCF (t CO2e) ÷ GDP at current market prices (EUR M), same year","EC-JRC EDGAR 2026 report (all gases, GWP-100 AR5); World Bank WDI NY.GDP.MKTP.CD; ECB USD annual average"
TG,1039.29,2025,10.935648,10522.2,0.884969,"total GHG excl. LULUCF (t CO2e) ÷ GDP at current market prices (EUR M), same year","EC-JRC EDGAR 2026 report (all gases, GWP-100 AR5); World Bank WDI NY.GDP.MKTP.CD; ECB USD annual average"
TH,786.06,2025,401.389661,510636.0,0.884969,"total GHG excl. LULUCF (t CO2e) ÷ GDP at current market prices (EUR M), same year","EC-JRC EDGAR 2026 report (all gases, GWP-100 AR5); World Bank WDI NY.GDP.MKTP.CD; ECB USD annual average"
TJ,1554.11,2025,24.289423,15629.1,0.884969,"total GHG excl. LULUCF (t CO2e) ÷ GDP at current market prices (EUR M), same year","EC-JRC EDGAR 2026 report (all gases, GWP-100 AR5); World Bank WDI NY.GDP.MKTP.CD; ECB USD annual average"
TL,1058.38,2025,1.781647,1683.4,0.884969,"total GHG excl. LULUCF (t CO2e) ÷ GDP at current market prices (EUR M), same year","EC-JRC EDGAR 2026 report (all gases, GWP-100 AR5); World Bank WDI NY.GDP.MKTP.CD; ECB USD annual average"
TM,2823.48,2025,124.506552,44096.8,0.884969,"total GHG excl. LULUCF (t CO2e) ÷ GDP at current market prices (EUR M), same year","EC-JRC EDGAR 2026 report (all gases, GWP-100 AR5); World Bank WDI NY.GDP.MKTP.CD; ECB USD annual average"
TN,888.51,2025,45.214812,50888.2,0.884969,"total GHG excl. LULUCF (t CO2e) ÷ GDP at current market prices (EUR M), same year","EC-JRC EDGAR 2026 report (all gases, GWP-100 AR5); World Bank WDI NY.GDP.MKTP.CD; ECB USD annual average"
TO,538.63,2025,0.323762,601.1,0.884969,"total GHG excl. LULUCF (t CO2e) ÷ GDP at current market prices (EUR M), same year","EC-JRC EDGAR 2026 report (all gases, GWP-100 AR5); World Bank WDI NY.GDP.MKTP.CD; ECB USD annual average"
TR,465.5,2024,584.52134,1255680.8,0.92389,"total GHG excl. LULUCF (t CO2e) ÷ GDP at current market prices (EUR M), same year","national inventory (UNFCCC, via Eurostat env_air_gge); World Bank WDI NY.GDP.MKTP.CD; ECB USD annual average"
TT,1445.73,2025,33.191778,22958.5,0.884969,"total GHG excl. LULUCF (t CO2e) ÷ GDP at current market prices (EUR M), same year","EC-JRC EDGAR 2026 report (all gases, GWP-100 AR5); World Bank WDI NY.GDP.MKTP.CD; ECB USD annual average"
TV,321.22,2023,0.015,46.7,0.924839,"total GHG excl. LULUCF (t CO2e) ÷ GDP at current market prices (EUR M), same year",OWID total_ghg_excluding_lucf; World Bank WDI NY.GDP.MKTP.CD; ECB USD annual average
TZ,1291.06,2025,102.993631,79774.2,0.884969,"total GHG excl. LULUCF (t CO2e) ÷ GDP at current market prices (EUR M), same year","EC-JRC EDGAR 2026 report (all gases, GWP-100 AR5); World Bank WDI NY.GDP.MKTP.CD; ECB USD annual average"
UA,1105.41,2025,209.575454,189589.9,0.884969,"total GHG excl. LULUCF (t CO2e) ÷ GDP at current market prices (EUR M), same year","EC-JRC EDGAR 2026 report (all gases, GWP-100 AR5); World Bank WDI NY.GDP.MKTP.CD; ECB USD annual average"
UG,1075.96,2025,59.022454,54855.5,0.884969,"total GHG excl. LULUCF (t CO2e) ÷ GDP at current market prices (EUR M), same year","EC-JRC EDGAR 2026 report (all gases, GWP-100 AR5); World Bank WDI NY.GDP.MKTP.CD; ECB USD annual average"
US,221.02,2025,6018.301241,27230232.7,0.884969,"total GHG excl. LULUCF (t CO2e) ÷ GDP at current market prices (EUR M), same year","EC-JRC EDGAR 2026 report (all gases, GWP-100 AR5); World Bank WDI NY.GDP.MKTP.CD; ECB USD annual average"
UY,581.67,2025,43.933894,75530.1,0.884969,"total GHG excl. LULUCF (t CO2e) ÷ GDP at current market prices (EUR M), same year","EC-JRC EDGAR 2026 report (all gases, GWP-100 AR5); World Bank WDI NY.GDP.MKTP.CD; ECB USD annual average"
UZ,1646.11,2025,214.198185,130124.2,0.884969,"total GHG excl. LULUCF (t CO2e) ÷ GDP at current market prices (EUR M), same year","EC-JRC EDGAR 2026 report (all gases, GWP-100 AR5); World Bank WDI NY.GDP.MKTP.CD; ECB USD annual average"
VC,165.01,2025,0.183299,1110.8,0.884969,"total GHG excl. LULUCF (t CO2e) ÷ GDP at current market prices (EUR M), same year","EC-JRC EDGAR 2026 report (all gases, GWP-100 AR5); World Bank WDI NY.GDP.MKTP.CD; ECB USD annual average"
VE,2022.67,2025,178.394065,88197.1,0.884969,"total GHG excl. LULUCF (t CO2e) ÷ GDP at current market prices (EUR M), same year","EC-JRC EDGAR 2026 report (all gases, GWP-100 AR5); World Bank WDI NY.GDP.MKTP.CD; ECB USD annual average"
VN,1202.32,2025,547.644382,455491.1,0.884969,"total GHG excl. LULUCF (t CO2e) ÷ GDP at current market prices (EUR M), same year","EC-JRC EDGAR 2026 report (all gases, GWP-100 AR5); World Bank WDI NY.GDP.MKTP.CD; ECB USD annual average"
VU,532.85,2025,0.638328,1197.9,0.884969,"total GHG excl. LULUCF (t CO2e) ÷ GDP at current market prices (EUR M), same year","EC-JRC EDGAR 2026 report (all gases, GWP-100 AR5); World Bank WDI NY.GDP.MKTP.CD; ECB USD annual average"
WS,437.04,2025,0.498136,1139.8,0.884969,"total GHG excl. LULUCF (t CO2e) ÷ GDP at current market prices (EUR M), same year","EC-JRC EDGAR 2026 report (all gases, GWP-100 AR5); World Bank WDI NY.GDP.MKTP.CD; ECB USD annual average"
YE,2039.87,2018,37.320417,18295.5,0.846772,"total GHG excl. LULUCF (t CO2e) ÷ GDP at current market prices (EUR M), same year","EC-JRC EDGAR 2026 report (all gases, GWP-100 AR5); World Bank WDI NY.GDP.MKTP.CD; ECB USD annual average"
ZA,1372.14,2025,518.730963,378044.9,0.884969,"total GHG excl. LULUCF (t CO2e) ÷ GDP at current market prices (EUR M), same year","EC-JRC EDGAR 2026 report (all gases, GWP-100 AR5); World Bank WDI NY.GDP.MKTP.CD; ECB USD annual average"
ZM,1681.18,2025,42.967051,25557.7,0.884969,"total GHG excl. LULUCF (t CO2e) ÷ GDP at current market prices (EUR M), same year","EC-JRC EDGAR 2026 report (all gases, GWP-100 AR5); World Bank WDI NY.GDP.MKTP.CD; ECB USD annual average"
ZW,901.82,2025,40.874498,45324.3,0.884969,"total GHG excl. LULUCF (t CO2e) ÷ GDP at current market prices (EUR M), same year","EC-JRC EDGAR 2026 report (all gases, GWP-100 AR5); World Bank WDI NY.GDP.MKTP.CD; ECB USD annual average"
