alpha2,alpha3_b,alpha3_t,name,source,retrieved
aa,aar,aar,Afar,https://www.loc.gov/standards/iso639-2/ISO-639-2_utf-8.txt,2026-10-02
ab,abk,abk,Abkhazian,https://www.loc.gov/standards/iso639-2/ISO-639-2_utf-8.txt,2026-10-02
ae,ave,ave,Avestan,https://www.loc.gov/standards/iso639-2/ISO-639-2_utf-8.txt,2026-10-02
af,afr,afr,Afrikaans,https://www.loc.gov/standards/iso639-2/ISO-639-2_utf-8.txt,2026-10-02
ak,aka,aka,Akan,https://www.loc.gov/standards/iso639-2/ISO-639-2_utf-8.txt,2026-10-02
am,amh,amh,Amharic,https://www.loc.gov/standards/iso639-2/ISO-639-2_utf-8.txt,2026-10-02
an,arg,arg,Aragonese,https://www.loc.gov/standards/iso639-2/ISO-639-2_utf-8.txt,2026-10-02
ar,ara,ara,Arabic,https://www.loc.gov/standards/iso639-2/ISO-639-2_utf-8.txt,2026-10-02
as,asm,asm,Assamese,https://www.loc.gov/standards/iso639-2/ISO-639-2_utf-8.txt,2026-10-02
av,ava,ava,Avaric,https://www.loc.gov/standards/iso639-2/ISO-639-2_utf-8.txt,2026-10-02
ay,aym,aym,Aymara,https://www.loc.gov/standards/iso639-2/ISO-639-2_utf-8.txt,2026-10-02
az,aze,aze,Azerbaijani,https://www.loc.gov/standards/iso639-2/ISO-639-2_utf-8.txt,2026-10-02
ba,bak,bak,Bashkir,https://www.loc.gov/standards/iso639-2/ISO-639-2_utf-8.txt,2026-10-02
be,bel,bel,Belarusian,https://www.loc.gov/standards/iso639-2/ISO-639-2_utf-8.txt,2026-10-02
bg,bul,bul,Bulgarian,https://www.loc.gov/standards/iso639-2/ISO-639-2_utf-8.txt,2026-10-02
bi,bis,bis,Bislama,https://www.loc.gov/standards/iso639-2/ISO-639-2_utf-8.txt,2026-10-02
bm,bam,bam,Bambara,https://www.loc.gov/standards/iso639-2/ISO-639-2_utf-8.txt,2026-10-02
bn,ben,ben,Bengali,https://www.loc.gov/standards/iso639-2/ISO-639-2_utf-8.txt,2026-10-02
bo,tib,bod,Tibetan,https://www.loc.gov/standards/iso639-2/ISO-639-2_utf-8.txt,2026-10-02
br,bre,bre,Breton,https://www.loc.gov/standards/iso639-2/ISO-639-2_utf-8.txt,2026-10-02
bs,bos,bos,Bosnian,https://www.loc.gov/standards/iso639-2/ISO-639-2_utf-8.txt,2026-10-02
ca,cat,cat,Catalan; Valencian,https://www.loc.gov/standards/iso639-2/ISO-639-2_utf-8.txt,2026-10-02
ce,che,che,Chechen,https://www.loc.gov/standards/iso639-2/ISO-639-2_utf-8.txt,2026-10-02
ch,cha,cha,Chamorro,https://www.loc.gov/standards/iso639-2/ISO-639-2_utf-8.txt,2026-10-02
co,cos,cos,Corsican,https://www.loc.gov/standards/iso639-2/ISO-639-2_utf-8.txt,2026-10-02
cr,cre,cre,Cree,https://www.loc.gov/standards/iso639-2/ISO-639-2_utf-8.txt,2026-10-02
cs,cze,ces,Czech,https://www.loc.gov/standards/iso639-2/ISO-639-2_utf-8.txt,2026-10-02
cu,chu,chu,Church Slavic; Old Slavonic; Church Slavonic; Old Bulgarian; Old Church Slavonic,https://www.loc.gov/standards/iso639-2/ISO-639-2_utf-8.txt,2026-10-02
cv,chv,chv,Chuvash,https://www.loc.gov/standards/iso639-2/ISO-639-2_utf-8.txt,2026-10-02
cy,wel,cym,Welsh,https://www.loc.gov/standards/iso639-2/ISO-639-2_utf-8.txt,2026-10-02
da,dan,dan,Danish,https://www.loc.gov/standards/iso639-2/ISO-639-2_utf-8.txt,2026-10-02
de,ger,deu,German,https://www.loc.gov/standards/iso639-2/ISO-639-2_utf-8.txt,2026-10-02
dv,div,div,Divehi; Dhivehi; Maldivian,https://www.loc.gov/standards/iso639-2/ISO-639-2_utf-8.txt,2026-10-02
dz,dzo,dzo,Dzongkha,https://www.loc.gov/standards/iso639-2/ISO-639-2_utf-8.txt,2026-10-02
ee,ewe,ewe,Ewe,https://www.loc.gov/standards/iso639-2/ISO-639-2_utf-8.txt,2026-10-02
el,gre,ell,Modern Greek (1453-),https://www.loc.gov/standards/iso639-2/ISO-639-2_utf-8.txt,2026-10-02
en,eng,eng,English,https://www.loc.gov/standards/iso639-2/ISO-639-2_utf-8.txt,2026-10-02
eo,epo,epo,Esperanto,https://www.loc.gov/standards/iso639-2/ISO-639-2_utf-8.txt,2026-10-02
es,spa,spa,Spanish; Castilian,https://www.loc.gov/standards/iso639-2/ISO-639-2_utf-8.txt,2026-10-02
et,est,est,Estonian,https://www.loc.gov/standards/iso639-2/ISO-639-2_utf-8.txt,2026-10-02
eu,baq,eus,Basque,https://www.loc.gov/standards/iso639-2/ISO-639-2_utf-8.txt,2026-10-02
fa,per,fas,Persian,https://www.loc.gov/standards/iso639-2/ISO-639-2_utf-8.txt,2026-10-02
ff,ful,ful,Fulah,https://www.loc.gov/standards/iso639-2/ISO-639-2_utf-8.txt,2026-10-02
fi,fin,fin,Finnish,https://www.loc.gov/standards/iso639-2/ISO-639-2_utf-8.txt,2026-10-02
fj,fij,fij,Fijian,https://www.loc.gov/standards/iso639-2/ISO-639-2_utf-8.txt,2026-10-02
fo,fao,fao,Faroese,https://www.loc.gov/standards/iso639-2/ISO-639-2_utf-8.txt,2026-10-02
fr,fre,fra,French,https://www.loc.gov/standards/iso639-2/ISO-639-2_utf-8.txt,2026-10-02
fy,fry,fry,Western Frisian,https://www.loc.gov/standards/iso639-2/ISO-639-2_utf-8.txt,2026-10-02
ga,gle,gle,Irish,https://www.loc.gov/standards/iso639-2/ISO-639-2_utf-8.txt,2026-10-02
gd,gla,gla,Gaelic; Scottish Gaelic,https://www.loc.gov/standards/iso639-2/ISO-639-2_utf-8.txt,2026-10-02
gl,glg,glg,Galician,https://www.loc.gov/standards/iso639-2/ISO-639-2_utf-8.txt,2026-10-02
gn,grn,grn,Guarani,https://www.loc.gov/standards/iso639-2/ISO-639-2_utf-8.txt,2026-10-02
gu,guj,guj,Gujarati,https://www.loc.gov/standards/iso639-2/ISO-639-2_utf-8.txt,2026-10-02
gv,glv,glv,Manx,https://www.loc.gov/standards/iso639-2/ISO-639-2_utf-8.txt,2026-10-02
ha,hau,hau,Hausa,https://www.loc.gov/standards/iso639-2/ISO-639-2_utf-8.txt,2026-10-02
he,heb,heb,Hebrew,https://www.loc.gov/standards/iso639-2/ISO-639-2_utf-8.txt,2026-10-02
hi,hin,hin,Hindi,https://www.loc.gov/standards/iso639-2/ISO-639-2_utf-8.txt,2026-10-02
ho,hmo,hmo,Hiri Motu,https://www.loc.gov/standards/iso639-2/ISO-639-2_utf-8.txt,2026-10-02
hr,hrv,hrv,Croatian,https://www.loc.gov/standards/iso639-2/ISO-639-2_utf-8.txt,2026-10-02
ht,hat,hat,Haitian; Haitian Creole,https://www.loc.gov/standards/iso639-2/ISO-639-2_utf-8.txt,2026-10-02
hu,hun,hun,Hungarian,https://www.loc.gov/standards/iso639-2/ISO-639-2_utf-8.txt,2026-10-02
hy,arm,hye,Armenian,https://www.loc.gov/standards/iso639-2/ISO-639-2_utf-8.txt,2026-10-02
hz,her,her,Herero,https://www.loc.gov/standards/iso639-2/ISO-639-2_utf-8.txt,2026-10-02
ia,ina,ina,Interlingua (International Auxiliary Language Association),https://www.loc.gov/standards/iso639-2/ISO-639-2_utf-8.txt,2026-10-02
id,ind,ind,Indonesian,https://www.loc.gov/standards/iso639-2/ISO-639-2_utf-8.txt,2026-10-02
ie,ile,ile,Interlingue; Occidental,https://www.loc.gov/standards/iso639-2/ISO-639-2_utf-8.txt,2026-10-02
ig,ibo,ibo,Igbo,https://www.loc.gov/standards/iso639-2/ISO-639-2_utf-8.txt,2026-10-02
ii,iii,iii,Sichuan Yi; Nuosu,https://www.loc.gov/standards/iso639-2/ISO-639-2_utf-8.txt,2026-10-02
ik,ipk,ipk,Inupiaq,https://www.loc.gov/standards/iso639-2/ISO-639-2_utf-8.txt,2026-10-02
io,ido,ido,Ido,https://www.loc.gov/standards/iso639-2/ISO-639-2_utf-8.txt,2026-10-02
is,ice,isl,Icelandic,https://www.loc.gov/standards/iso639-2/ISO-639-2_utf-8.txt,2026-10-02
it,ita,ita,Italian,https://www.loc.gov/standards/iso639-2/ISO-639-2_utf-8.txt,2026-10-02
iu,iku,iku,Inuktitut,https://www.loc.gov/standards/iso639-2/ISO-639-2_utf-8.txt,2026-10-02
ja,jpn,jpn,Japanese,https://www.loc.gov/standards/iso639-2/ISO-639-2_utf-8.txt,2026-10-02
jv,jav,jav,Javanese,https://www.loc.gov/standards/iso639-2/ISO-639-2_utf-8.txt,2026-10-02
ka,geo,kat,Georgian,https://www.loc.gov/standards/iso639-2/ISO-639-2_utf-8.txt,2026-10-02
kg,kon,kon,Kongo,https://www.loc.gov/standards/iso639-2/ISO-639-2_utf-8.txt,2026-10-02
ki,kik,kik,Kikuyu; Gikuyu,https://www.loc.gov/standards/iso639-2/ISO-639-2_utf-8.txt,2026-10-02
kj,kua,kua,Kuanyama; Kwanyama,https://www.loc.gov/standards/iso639-2/ISO-639-2_utf-8.txt,2026-10-02
kk,kaz,kaz,Kazakh,https://www.loc.gov/standards/iso639-2/ISO-639-2_utf-8.txt,2026-10-02
kl,kal,kal,Kalaallisut; Greenlandic,https://www.loc.gov/standards/iso639-2/ISO-639-2_utf-8.txt,2026-10-02
km,khm,khm,Central Khmer,https://www.loc.gov/standards/iso639-2/ISO-639-2_utf-8.txt,2026-10-02
kn,kan,kan,Kannada,https://www.loc.gov/standards/iso639-2/ISO-639-2_utf-8.txt,2026-10-02
ko,kor,kor,Korean,https://www.loc.gov/standards/iso639-2/ISO-639-2_utf-8.txt,2026-10-02
kr,kau,kau,Kanuri,https://www.loc.gov/standards/iso639-2/ISO-639-2_utf-8.txt,2026-10-02
ks,kas,kas,Kashmiri,https://www.loc.gov/standards/iso639-2/ISO-639-2_utf-8.txt,2026-10-02
ku,kur,kur,Kurdish,https://www.loc.gov/standards/iso639-2/ISO-639-2_utf-8.txt,2026-10-02
kv,kom,kom,Komi,https://www.loc.gov/standards/iso639-2/ISO-639-2_utf-8.txt,2026-10-02
kw,cor,cor,Cornish,https://www.loc.gov/standards/iso639-2/ISO-639-2_utf-8.txt,2026-10-02
ky,kir,kir,Kirghiz; Kyrgyz,https://www.loc.gov/standards/iso639-2/ISO-639-2_utf-8.txt,2026-10-02
la,lat,lat,Latin,https://www.loc.gov/standards/iso639-2/ISO-639-2_utf-8.txt,2026-10-02
lb,ltz,ltz,Luxembourgish; Letzeburgesch,https://www.loc.gov/standards/iso639-2/ISO-639-2_utf-8.txt,2026-10-02
lg,lug,lug,Ganda,https://www.loc.gov/standards/iso639-2/ISO-639-2_utf-8.txt,2026-10-02
li,lim,lim,Limburgan; Limburger; Limburgish,https://www.loc.gov/standards/iso639-2/ISO-639-2_utf-8.txt,2026-10-02
ln,lin,lin,Lingala,https://www.loc.gov/standards/iso639-2/ISO-639-2_utf-8.txt,2026-10-02
lo,lao,lao,Lao,https://www.loc.gov/standards/iso639-2/ISO-639-2_utf-8.txt,2026-10-02
lt,lit,lit,Lithuanian,https://www.loc.gov/standards/iso639-2/ISO-639-2_utf-8.txt,2026-10-02
lu,lub,lub,Luba-Katanga,https://www.loc.gov/standards/iso639-2/ISO-639-2_utf-8.txt,2026-10-02
lv,lav,lav,Latvian,https://www.loc.gov/standards/iso639-2/ISO-639-2_utf-8.txt,2026-10-02
mg,mlg,mlg,Malagasy,https://www.loc.gov/standards/iso639-2/ISO-639-2_utf-8.txt,2026-10-02
mh,mah,mah,Marshallese,https://www.loc.gov/standards/iso639-2/ISO-639-2_utf-8.txt,2026-10-02
mi,mao,mri,Maori,https://www.loc.gov/standards/iso639-2/ISO-639-2_utf-8.txt,2026-10-02
mk,mac,mkd,Macedonian,https://www.loc.gov/standards/iso639-2/ISO-639-2_utf-8.txt,2026-10-02
ml,mal,mal,Malayalam,https://www.loc.gov/standards/iso639-2/ISO-639-2_utf-8.txt,2026-10-02
mn,mon,mon,Mongolian,https://www.loc.gov/standards/iso639-2/ISO-639-2_utf-8.txt,2026-10-02
mr,mar,mar,Marathi,https://www.loc.gov/standards/iso639-2/ISO-639-2_utf-8.txt,2026-10-02
ms,may,msa,Malay,https://www.loc.gov/standards/iso639-2/ISO-639-2_utf-8.txt,2026-10-02
mt,mlt,mlt,Maltese,https://www.loc.gov/standards/iso639-2/ISO-639-2_utf-8.txt,2026-10-02
my,bur,mya,Burmese,https://www.loc.gov/standards/iso639-2/ISO-639-2_utf-8.txt,2026-10-02
na,nau,nau,Nauru,https://www.loc.gov/standards/iso639-2/ISO-639-2_utf-8.txt,2026-10-02
nb,nob,nob,Norwegian Bokmål,https://www.loc.gov/standards/iso639-2/ISO-639-2_utf-8.txt,2026-10-02
nd,nde,nde,North Ndebele,https://www.loc.gov/standards/iso639-2/ISO-639-2_utf-8.txt,2026-10-02
ne,nep,nep,Nepali,https://www.loc.gov/standards/iso639-2/ISO-639-2_utf-8.txt,2026-10-02
ng,ndo,ndo,Ndonga,https://www.loc.gov/standards/iso639-2/ISO-639-2_utf-8.txt,2026-10-02
nl,dut,nld,Dutch; Flemish,https://www.loc.gov/standards/iso639-2/ISO-639-2_utf-8.txt,2026-10-02
nn,nno,nno,Norwegian Nynorsk,https://www.loc.gov/standards/iso639-2/ISO-639-2_utf-8.txt,2026-10-02
no,nor,nor,Norwegian,https://www.loc.gov/standards/iso639-2/ISO-639-2_utf-8.txt,2026-10-02
nr,nbl,nbl,South Ndebele,https://www.loc.gov/standards/iso639-2/ISO-639-2_utf-8.txt,2026-10-02
nv,nav,nav,Navajo; Navaho,https://www.loc.gov/standards/iso639-2/ISO-639-2_utf-8.txt,2026-10-02
ny,nya,nya,Chichewa; Chewa; Nyanja,https://www.loc.gov/standards/iso639-2/ISO-639-2_utf-8.txt,2026-10-02
oc,oci,oci,Occitan (post 1500),https://www.loc.gov/standards/iso639-2/ISO-639-2_utf-8.txt,2026-10-02
oj,oji,oji,Ojibwa,https://www.loc.gov/standards/iso639-2/ISO-639-2_utf-8.txt,2026-10-02
om,orm,orm,Oromo,https://www.loc.gov/standards/iso639-2/ISO-639-2_utf-8.txt,2026-10-02
or,ori,ori,Oriya,https://www.loc.gov/standards/iso639-2/ISO-639-2_utf-8.txt,2026-10-02
os,oss,oss,Ossetian; Ossetic,https://www.loc.gov/standards/iso639-2/ISO-639-2_utf-8.txt,2026-10-02
pa,pan,pan,Panjabi; Punjabi,https://www.loc.gov/standards/iso639-2/ISO-639-2_utf-8.txt,2026-10-02
pi,pli,pli,Pali,https://www.loc.gov/standards/iso639-2/ISO-639-2_utf-8.txt,2026-10-02
pl,pol,pol,Polish,https://www.loc.gov/standards/iso639-2/ISO-639-2_utf-8.txt,2026-10-02
ps,pus,pus,Pushto; Pashto,https://www.loc.gov/standards/iso639-2/ISO-639-2_utf-8.txt,2026-10-02
pt,por,por,Portuguese,https://www.loc.gov/standards/iso639-2/ISO-639-2_utf-8.txt,2026-10-02
qu,que,que,Quechua,https://www.loc.gov/standards/iso639-2/ISO-639-2_utf-8.txt,2026-10-02
rm,roh,roh,Romansh,https://www.loc.gov/standards/iso639-2/ISO-639-2_utf-8.txt,2026-10-02
rn,run,run,Rundi,https://www.loc.gov/standards/iso639-2/ISO-639-2_utf-8.txt,2026-10-02
ro,rum,ron,Romanian; Moldavian; Moldovan,https://www.loc.gov/standards/iso639-2/ISO-639-2_utf-8.txt,2026-10-02
ru,rus,rus,Russian,https://www.loc.gov/standards/iso639-2/ISO-639-2_utf-8.txt,2026-10-02
rw,kin,kin,Kinyarwanda,https://www.loc.gov/standards/iso639-2/ISO-639-2_utf-8.txt,2026-10-02
sa,san,san,Sanskrit,https://www.loc.gov/standards/iso639-2/ISO-639-2_utf-8.txt,2026-10-02
sc,srd,srd,Sardinian,https://www.loc.gov/standards/iso639-2/ISO-639-2_utf-8.txt,2026-10-02
sd,snd,snd,Sindhi,https://www.loc.gov/standards/iso639-2/ISO-639-2_utf-8.txt,2026-10-02
se,sme,sme,Northern Sami,https://www.loc.gov/standards/iso639-2/ISO-639-2_utf-8.txt,2026-10-02
sg,sag,sag,Sango,https://www.loc.gov/standards/iso639-2/ISO-639-2_utf-8.txt,2026-10-02
si,sin,sin,Sinhala; Sinhalese,https://www.loc.gov/standards/iso639-2/ISO-639-2_utf-8.txt,2026-10-02
sk,slo,slk,Slovak,https://www.loc.gov/standards/iso639-2/ISO-639-2_utf-8.txt,2026-10-02
sl,slv,slv,Slovenian,https://www.loc.gov/standards/iso639-2/ISO-639-2_utf-8.txt,2026-10-02
sm,smo,smo,Samoan,https://www.loc.gov/standards/iso639-2/ISO-639-2_utf-8.txt,2026-10-02
sn,sna,sna,Shona,https://www.loc.gov/standards/iso639-2/ISO-639-2_utf-8.txt,2026-10-02
so,som,som,Somali,https://www.loc.gov/standards/iso639-2/ISO-639-2_utf-8.txt,2026-10-02
sq,alb,sqi,Albanian,https://www.loc.gov/standards/iso639-2/ISO-639-2_utf-8.txt,2026-10-02
sr,srp,srp,Serbian,https://www.loc.gov/standards/iso639-2/ISO-639-2_utf-8.txt,2026-10-02
ss,ssw,ssw,Swati,https://www.loc.gov/standards/iso639-2/ISO-639-2_utf-8.txt,2026-10-02
st,sot,sot,"Sotho, Southern",https://www.loc.gov/standards/iso639-2/ISO-639-2_utf-8.txt,2026-10-02
su,sun,sun,Sundanese,https://www.loc.gov/standards/iso639-2/ISO-639-2_utf-8.txt,2026-10-02
sv,swe,swe,Swedish,https://www.loc.gov/standards/iso639-2/ISO-639-2_utf-8.txt,2026-10-02
sw,swa,swa,Swahili,https://www.loc.gov/standards/iso639-2/ISO-639-2_utf-8.txt,2026-10-02
ta,tam,tam,Tamil,https://www.loc.gov/standards/iso639-2/ISO-639-2_utf-8.txt,2026-10-02
te,tel,tel,Telugu,https://www.loc.gov/standards/iso639-2/ISO-639-2_utf-8.txt,2026-10-02
tg,tgk,tgk,Tajik,https://www.loc.gov/standards/iso639-2/ISO-639-2_utf-8.txt,2026-10-02
th,tha,tha,Thai,https://www.loc.gov/standards/iso639-2/ISO-639-2_utf-8.txt,2026-10-02
ti,tir,tir,Tigrinya,https://www.loc.gov/standards/iso639-2/ISO-639-2_utf-8.txt,2026-10-02
tk,tuk,tuk,Turkmen,https://www.loc.gov/standards/iso639-2/ISO-639-2_utf-8.txt,2026-10-02
tl,tgl,tgl,Tagalog,https://www.loc.gov/standards/iso639-2/ISO-639-2_utf-8.txt,2026-10-02
tn,tsn,tsn,Tswana,https://www.loc.gov/standards/iso639-2/ISO-639-2_utf-8.txt,2026-10-02
to,ton,ton,Tonga (Tonga Islands),https://www.loc.gov/standards/iso639-2/ISO-639-2_utf-8.txt,2026-10-02
tr,tur,tur,Turkish,https://www.loc.gov/standards/iso639-2/ISO-639-2_utf-8.txt,2026-10-02
ts,tso,tso,Tsonga,https://www.loc.gov/standards/iso639-2/ISO-639-2_utf-8.txt,2026-10-02
tt,tat,tat,Tatar,https://www.loc.gov/standards/iso639-2/ISO-639-2_utf-8.txt,2026-10-02
tw,twi,twi,Twi,https://www.loc.gov/standards/iso639-2/ISO-639-2_utf-8.txt,2026-10-02
ty,tah,tah,Tahitian,https://www.loc.gov/standards/iso639-2/ISO-639-2_utf-8.txt,2026-10-02
ug,uig,uig,Uighur; Uyghur,https://www.loc.gov/standards/iso639-2/ISO-639-2_utf-8.txt,2026-10-02
uk,ukr,ukr,Ukrainian,https://www.loc.gov/standards/iso639-2/ISO-639-2_utf-8.txt,2026-10-02
ur,urd,urd,Urdu,https://www.loc.gov/standards/iso639-2/ISO-639-2_utf-8.txt,2026-10-02
uz,uzb,uzb,Uzbek,https://www.loc.gov/standards/iso639-2/ISO-639-2_utf-8.txt,2026-10-02
ve,ven,ven,Venda,https://www.loc.gov/standards/iso639-2/ISO-639-2_utf-8.txt,2026-10-02
vi,vie,vie,Vietnamese,https://www.loc.gov/standards/iso639-2/ISO-639-2_utf-8.txt,2026-10-02
vo,vol,vol,Volapük,https://www.loc.gov/standards/iso639-2/ISO-639-2_utf-8.txt,2026-10-02
wa,wln,wln,Walloon,https://www.loc.gov/standards/iso639-2/ISO-639-2_utf-8.txt,2026-10-02
wo,wol,wol,Wolof,https://www.loc.gov/standards/iso639-2/ISO-639-2_utf-8.txt,2026-10-02
xh,xho,xho,Xhosa,https://www.loc.gov/standards/iso639-2/ISO-639-2_utf-8.txt,2026-10-02
yi,yid,yid,Yiddish,https://www.loc.gov/standards/iso639-2/ISO-639-2_utf-8.txt,2026-10-02
yo,yor,yor,Yoruba,https://www.loc.gov/standards/iso639-2/ISO-639-2_utf-8.txt,2026-10-02
za,zha,zha,Zhuang; Chuang,https://www.loc.gov/standards/iso639-2/ISO-639-2_utf-8.txt,2026-10-02
zh,chi,zho,Chinese,https://www.loc.gov/standards/iso639-2/ISO-639-2_utf-8.txt,2026-10-02
zu,zul,zul,Zulu,https://www.loc.gov/standards/iso639-2/ISO-639-2_utf-8.txt,2026-10-02
