country_iso2,nace_code,section,divisions,energy_tj,turnover_meur,intensity_gwh_per_meur,year
AL,A,A,A01;A02;A03,7090.9,4234.1,0.4652,2022
AT,A,A,A01;A02;A03,23062.3,13846.2,0.46267,2022
BE,A,A,A01;A02;A03,44738.2,14288.7,0.86973,2022
BG,A,A,A01;A02;A03,10718.1,8230.0,0.36176,2022
CZ,A,A,A01;A02;A03,39886.0,15736.5,0.70406,2022
DE,A,A,A01;A02;A03,378742.2,84045.0,1.25178,2022
DK,A,A,A01;A02;A03,32114.5,14237.6,0.62656,2022
EE,A,A,A01;A02;A03,9576.8,3039.0,0.87536,2022
ES,A,A,A01;A02;A03,152872.8,70567.0,0.60176,2022
FI,A,A,A01;A02;A03,33991.5,12319.0,0.76647,2022
FR,A,A,A01;A02;A03,202966.5,111798.5,0.5043,2022
GR,A,A,A01;A02;A03,17545.2,16792.4,0.29023,2022
HR,A,A,A01;A02;A03,14338.2,4414.8,0.90215,2022
HU,A,A,A01;A02;A03,25259.1,13375.2,0.52458,2022
IE,A,A,A01;A02;A03,13734.4,14519.3,0.26276,2022
IS,A,A,A01;A02;A03,14016.4,2355.2,1.65313,2022
IT,A,A,A01;A02;A03,197618.5,74272.7,0.73909,2022
LT,A,A,A01;A02;A03,7389.0,6494.0,0.31606,2022
LV,A,A,A01;A02;A03,11008.4,4885.5,0.62591,2022
NL,A,A,A01;A02;A03,198126.5,45171.0,1.21837,2022
NO,A,A,A01;A02;A03,24109.6,21826.2,0.30684,2022
PL,A,A,A01;A02;A03,140114.1,51268.6,0.75915,2022
PT,A,A,A01;A02;A03,28000.3,13050.4,0.59599,2022
RO,A,A,A01;A02;A03,33461.6,21808.0,0.42621,2022
RS,A,A,A01;A02;A03,17033.9,7239.2,0.65361,2022
SE,A,A,A01;A02;A03,37064.7,20521.6,0.5017,2022
SI,A,A,A01;A02;A03,3755.3,2180.0,0.4785,2022
SK,A,A,A01;A02;A03,8651.6,5303.6,0.45313,2022
AT,A01,A,A01,19859.6,10557.2,0.52254,2022
BE,A01,A,A01,40409.5,13563.4,0.82758,2022
BG,A01,A,A01,10091.5,7576.9,0.36997,2022
CZ,A01,A,A01,38959.7,12612.5,0.85805,2022
DE,A01,A,A01,365541.6,76128.0,1.3338,2022
DK,A01,A,A01,25883.0,12874.7,0.55844,2022
EE,A01,A,A01,5275.6,1641.2,0.89291,2022
ES,A01,A,A01,117260.5,65005.0,0.50107,2022
FI,A01,A,A01,27082.3,5844.0,1.28728,2022
FR,A01,A,A01,179130.7,101156.9,0.49189,2022
GR,A01,A,A01,16369.1,15513.7,0.29309,2022
HR,A01,A,A01,13041.0,3594.7,1.00773,2022
HU,A01,A,A01,23681.2,12606.4,0.52181,2022
IE,A01,A,A01,2969.3,13782.8,0.05984,2022
IT,A01,A,A01,185772.0,69609.2,0.74133,2022
LT,A01,A,A01,5730.0,5330.8,0.29858,2022
LV,A01,A,A01,7569.6,2496.0,0.84241,2022
NL,A01,A,A01,192511.3,44117.0,1.21213,2022
NO,A01,A,A01,12889.3,4848.8,0.7384,2022
PL,A01,A,A01,132454.8,46363.1,0.79358,2022
PT,A01,A,A01,21283.6,9837.2,0.601,2022
RO,A01,A,A01,32243.9,18003.5,0.49749,2022
RS,A01,A,A01,15876.7,6931.0,0.6363,2022
SI,A01,A,A01,2919.1,1632.5,0.4967,2022
SK,A01,A,A01,8057.9,3931.3,0.56936,2022
AT,A02,A,A02,3132.9,3179.0,0.27375,2022
CZ,A02,A,A02,855.7,3048.0,0.07798,2022
DE,A02,A,A02,12246.2,7198.0,0.47259,2022
EE,A02,A,A02,2917.9,1306.4,0.62043,2022
ES,A02,A,A02,4392.5,2456.0,0.4968,2022
FI,A02,A,A02,5489.2,6189.0,0.24637,2022
FR,A02,A,A02,6212.1,7919.6,0.21789,2022
IT,A02,A,A02,3386.1,3255.9,0.28889,2022
LT,A02,A,A02,1395.0,1008.3,0.38431,2022
LV,A02,A,A02,3035.1,2272.7,0.37096,2022
NO,A02,A,A02,720.5,1121.3,0.17849,2022
PL,A02,A,A02,7583.2,4727.2,0.4456,2022
PT,A02,A,A02,1165.2,2392.8,0.13527,2022
RO,A02,A,A02,1173.8,3346.9,0.09742,2022
SK,A02,A,A02,306.7,1365.1,0.06241,2022
ES,A03,A,A03,31219.9,3106.0,2.79208,2022
FR,A03,A,A03,17623.7,2722.0,1.79848,2022
GR,A03,A,A03,1053.6,1197.2,0.24446,2022
IS,A03,A,A03,12094.5,1827.5,1.83835,2022
IT,A03,A,A03,8460.5,1407.5,1.66973,2022
NO,A03,A,A03,10499.8,15856.1,0.18394,2022
AT,B,B,B05;B06;B07;B08;B09,13364.0,2744.3,1.35269,2022
BG,B,B,B05;B06;B07;B08;B09,9784.5,2043.2,1.33024,2022
CZ,B,B,B05;B06;B07;B08;B09,30532.9,11702.5,0.72475,2022
DE,B,B,B05;B06;B07;B08;B09,58657.6,25183.9,0.64699,2022
DK,B,B,B05;B06;B07;B08;B09,18241.1,4471.4,1.13321,2022
ES,B,B,B05;B06;B07;B08;B09,19864.5,5352.0,1.03101,2022
FI,B,B,B05;B06;B07;B08;B09,7592.3,2933.1,0.71902,2022
FR,B,B,B05;B06;B07;B08;B09,19605.4,5414.7,1.00577,2022
HU,B,B,B05;B06;B07;B08;B09,5031.5,1406.9,0.99345,2022
IT,B,B,B05;B06;B07;B08;B09,37491.4,10521.0,0.98986,2022
NL,B,B,B05;B06;B07;B08;B09,29055.7,65420.5,0.12337,2022
NO,B,B,B05;B06;B07;B08;B09,241486.8,244453.0,0.27441,2022
PL,B,B,B05;B06;B07;B08;B09,67113.4,18463.7,1.00969,2022
PT,B,B,B05;B06;B07;B08;B09,6120.6,1597.0,1.06461,2022
RO,B,B,B05;B06;B07;B08;B09,22509.0,5503.9,1.13602,2022
RS,B,B,B05;B06;B07;B08;B09,16605.5,1868.0,2.46927,2022
SE,B,B,B05;B06;B07;B08;B09,14586.4,5763.7,0.70298,2022
AL,C,C,C10;C11;C12;C13;C14;C15;C16;C17;C18;C19;C20;C21;C22;C23;C24;C25;C26;C27;C28;C29;C30;C31;C32;C33,23793.1,3394.2,1.94721,2022
AT,C,C,C10;C11;C12;C13;C14;C15;C16;C17;C18;C19;C20;C21;C22;C23;C24;C25;C26;C27;C28;C29;C30;C31;C32;C33,394896.5,279645.4,0.39226,2022
BE,C,C,C10;C11;C12;C13;C14;C15;C16;C17;C18;C19;C20;C21;C22;C23;C24;C25;C26;C27;C28;C29;C30;C31;C32;C33,601833.6,370264.7,0.4515,2022
BG,C,C,C10;C11;C12;C13;C14;C15;C16;C17;C18;C19;C20;C21;C22;C23;C24;C25;C26;C27;C28;C29;C30;C31;C32;C33,135444.5,49819.0,0.7552,2022
CY,C,C,C10;C11;C12;C13;C14;C15;C16;C17;C18;C19;C20;C21;C22;C23;C24;C25;C26;C27;C28;C29;C30;C31;C32;C33,8377.1,4934.1,0.47162,2022
CZ,C,C,C10;C11;C12;C13;C14;C15;C16;C17;C18;C19;C20;C21;C22;C23;C24;C25;C26;C27;C28;C29;C30;C31;C32;C33,252420.1,241307.8,0.29057,2022
DE,C,C,C10;C11;C12;C13;C14;C15;C16;C17;C18;C19;C20;C21;C22;C23;C24;C25;C26;C27;C28;C29;C30;C31;C32;C33,3048534.6,2842708.0,0.29789,2022
DK,C,C,C10;C11;C12;C13;C14;C15;C16;C17;C18;C19;C20;C21;C22;C23;C24;C25;C26;C27;C28;C29;C30;C31;C32;C33,101573.1,158764.3,0.17771,2022
EE,C,C,C10;C11;C12;C13;C14;C15;C16;C17;C18;C19;C20;C21;C22;C23;C24;C25;C26;C27;C28;C29;C30;C31;C32;C33,50869.7,19016.5,0.74306,2022
ES,C,C,C10;C11;C12;C13;C14;C15;C16;C17;C18;C19;C20;C21;C22;C23;C24;C25;C26;C27;C28;C29;C30;C31;C32;C33,1018938.0,707728.7,0.39992,2022
FI,C,C,C10;C11;C12;C13;C14;C15;C16;C17;C18;C19;C20;C21;C22;C23;C24;C25;C26;C27;C28;C29;C30;C31;C32;C33,486155.8,176687.2,0.76431,2022
FR,C,C,C10;C11;C12;C13;C14;C15;C16;C17;C18;C19;C20;C21;C22;C23;C24;C25;C26;C27;C28;C29;C30;C31;C32;C33,1141286.9,1199239.3,0.26435,2022
GR,C,C,C10;C11;C12;C13;C14;C15;C16;C17;C18;C19;C20;C21;C22;C23;C24;C25;C26;C27;C28;C29;C30;C31;C32;C33,178814.7,93673.6,0.53025,2022
HR,C,C,C10;C11;C12;C13;C14;C15;C16;C17;C18;C19;C20;C21;C22;C23;C24;C25;C26;C27;C28;C29;C30;C31;C32;C33,153520.7,30543.1,1.39621,2022
HU,C,C,C10;C11;C12;C13;C14;C15;C16;C17;C18;C19;C20;C21;C22;C23;C24;C25;C26;C27;C28;C29;C30;C31;C32;C33,191337.0,155794.5,0.34115,2022
IE,C,C,C10;C11;C12;C13;C14;C15;C16;C17;C18;C19;C20;C21;C22;C23;C24;C25;C26;C27;C28;C29;C30;C31;C32;C33,83947.9,405157.1,0.05756,2022
IS,C,C,C10;C11;C12;C13;C14;C15;C16;C17;C18;C19;C20;C21;C22;C23;C24;C25;C26;C27;C28;C29;C30;C31;C32;C33,56896.1,9478.4,1.66743,2022
IT,C,C,C10;C11;C12;C13;C14;C15;C16;C17;C18;C19;C20;C21;C22;C23;C24;C25;C26;C27;C28;C29;C30;C31;C32;C33,1617910.5,1253780.1,0.35845,2022
LT,C,C,C10;C11;C12;C13;C14;C15;C16;C17;C18;C19;C20;C21;C22;C23;C24;C25;C26;C27;C28;C29;C30;C31;C32;C33,695949.0,37965.0,5.09204,2022
LU,C,C,C10;C11;C12;C13;C14;C15;C16;C17;C18;C19;C20;C21;C22;C23;C24;C25;C26;C27;C28;C29;C30;C31;C32;C33,21215.7,17482.2,0.3371,2022
LV,C,C,C10;C11;C12;C13;C14;C15;C16;C17;C18;C19;C20;C21;C22;C23;C24;C25;C26;C27;C28;C29;C30;C31;C32;C33,35001.4,14197.0,0.68483,2022
MK,C,C,C10;C11;C12;C13;C14;C15;C16;C17;C18;C19;C20;C21;C22;C23;C24;C25;C26;C27;C28;C29;C30;C31;C32;C33,16756.7,8556.4,0.54399,2022
MT,C,C,C10;C11;C12;C13;C14;C15;C16;C17;C18;C19;C20;C21;C22;C23;C24;C25;C26;C27;C28;C29;C30;C31;C32;C33,2295.8,3434.5,0.18568,2022
NL,C,C,C10;C11;C12;C13;C14;C15;C16;C17;C18;C19;C20;C21;C22;C23;C24;C25;C26;C27;C28;C29;C30;C31;C32;C33,771711.2,502217.7,0.42684,2022
NO,C,C,C10;C11;C12;C13;C14;C15;C16;C17;C18;C19;C20;C21;C22;C23;C24;C25;C26;C27;C28;C29;C30;C31;C32;C33,260358.8,101941.1,0.70945,2022
PL,C,C,C10;C11;C12;C13;C14;C15;C16;C17;C18;C19;C20;C21;C22;C23;C24;C25;C26;C27;C28;C29;C30;C31;C32;C33,689114.4,516002.4,0.37097,2022
PT,C,C,C10;C11;C12;C13;C14;C15;C16;C17;C18;C19;C20;C21;C22;C23;C24;C25;C26;C27;C28;C29;C30;C31;C32;C33,227967.6,127376.5,0.49714,2022
RO,C,C,C10;C11;C12;C13;C14;C15;C16;C17;C18;C19;C20;C21;C22;C23;C24;C25;C26;C27;C28;C29;C30;C31;C32;C33,313705.5,140752.6,0.6191,2022
RS,C,C,C10;C11;C12;C13;C14;C15;C16;C17;C18;C19;C20;C21;C22;C23;C24;C25;C26;C27;C28;C29;C30;C31;C32;C33,121183.5,44804.3,0.75131,2022
SE,C,C,C10;C11;C12;C13;C14;C15;C16;C17;C18;C19;C20;C21;C22;C23;C24;C25;C26;C27;C28;C29;C30;C31;C32;C33,244578.1,290927.7,0.23352,2022
SI,C,C,C10;C11;C12;C13;C14;C15;C16;C17;C18;C19;C20;C21;C22;C23;C24;C25;C26;C27;C28;C29;C30;C31;C32;C33,52047.5,41799.1,0.34588,2022
SK,C,C,C10;C11;C12;C13;C14;C15;C16;C17;C18;C19;C20;C21;C22;C23;C24;C25;C26;C27;C28;C29;C30;C31;C32;C33,187441.2,103052.1,0.50525,2022
AT,C10-C12,C,C10;C11;C12,26220.4,35117.6,0.2074,2022
BE,C10-C12,C,C10;C11;C12,69514.9,72445.2,0.26654,2022
BG,C10-C12,C,C10;C11;C12,14534.3,10055.8,0.40149,2022
CY,C10-C12,C,C10;C11;C12,2636.5,2126.8,0.34435,2022
DE,C10-C12,C,C10;C11;C12,247286.6,277718.5,0.24734,2022
DK,C10-C12,C,C10;C11;C12,25978.3,34430.0,0.20959,2022
EE,C10-C12,C,C10;C11;C12,2838.2,2838.7,0.27773,2022
ES,C10-C12,C,C10;C11;C12,116390.4,168978.4,0.19133,2022
FI,C10-C12,C,C10;C11;C12,17701.8,12993.7,0.37843,2022
FR,C10-C12,C,C10;C11;C12,215190.7,254073.1,0.23527,2022
GR,C10-C12,C,C10;C11;C12,22015.9,22896.2,0.2671,2022
HU,C10-C12,C,C10;C11;C12,31347.4,19494.1,0.44668,2022
IE,C10-C12,C,C10;C11;C12,21101.4,39073.7,0.15001,2022
IS,C10-C12,C,C10;C11;C12,2471.2,3798.6,0.18071,2022
MK,C10-C12,C,C10;C11;C12,2754.7,1355.9,0.56434,2022
NL,C10-C12,C,C10;C11;C12,99586.8,115422.1,0.23967,2022
PL,C10-C12,C,C10;C11;C12,98681.0,99887.0,0.27442,2022
PT,C10-C12,C,C10;C11;C12,24159.0,23237.5,0.28879,2022
RO,C10-C12,C,C10;C11;C12,33217.1,21102.2,0.43725,2022
RS,C10-C12,C,C10;C11;C12,20170.9,11498.8,0.48727,2022
SK,C10-C12,C,C10;C11;C12,6945.7,6534.5,0.29526,2022
AT,C13-C15,C,C13;C14;C15,2440.5,3173.6,0.21361,2022
BE,C13-C15,C,C13;C14;C15,5886.8,5535.6,0.2954,2022
CZ,C13-C15,C,C13;C14;C15,4176.8,3854.5,0.30101,2022
DE,C13-C15,C,C13;C14;C15,24674.6,27798.9,0.24656,2022
FI,C13-C15,C,C13;C14;C15,1044.8,1517.6,0.19124,2022
FR,C13-C15,C,C13;C14;C15,10411.8,24261.3,0.11921,2022
GR,C13-C15,C,C13;C14;C15,1913.3,2010.6,0.26433,2022
HU,C13-C15,C,C13;C14;C15,1509.7,1565.1,0.26795,2022
IT,C13-C15,C,C13;C14;C15,49439.2,95705.1,0.14349,2022
LT,C13-C15,C,C13;C14;C15,1394.0,1213.7,0.31905,2022
NL,C13-C15,C,C13;C14;C15,3842.3,4687.7,0.22768,2022
PT,C13-C15,C,C13;C14;C15,12810.1,11887.5,0.29934,2022
RO,C13-C15,C,C13;C14;C15,5720.2,5015.2,0.31683,2022
RS,C13-C15,C,C13;C14;C15,3161.6,1825.0,0.48123,2022
SK,C13-C15,C,C13;C14;C15,1022.9,1628.2,0.17451,2022
AT,C16,C,C16,25356.0,13622.9,0.51702,2022
BE,C16,C,C16,2519.5,5607.4,0.12481,2022
CZ,C16,C,C16,14424.1,5624.0,0.71242,2022
DE,C16,C,C16,115228.2,41068.3,0.77938,2022
DK,C16,C,C16,1335.9,2170.5,0.17096,2022
EE,C16,C,C16,3881.3,4269.2,0.25254,2022
ES,C16,C,C16,28382.7,10622.1,0.74224,2022
FI,C16,C,C16,27592.7,12035.9,0.63682,2022
FR,C16,C,C16,30019.8,17212.9,0.48445,2022
HR,C16,C,C16,8542.8,1810.9,1.31041,2022
HU,C16,C,C16,6217.2,1824.3,0.94669,2022
IE,C16,C,C16,6181.4,1735.9,0.98916,2022
IT,C16,C,C16,41859.1,18815.2,0.61799,2022
LT,C16,C,C16,4476.0,2486.9,0.49995,2022
LV,C16,C,C16,24346.3,4362.9,1.55007,2022
NL,C16,C,C16,3815.8,5477.2,0.19352,2022
NO,C16,C,C16,6568.9,4566.6,0.39957,2022
PL,C16,C,C16,45982.3,16988.6,0.75185,2022
PT,C16,C,C16,7524.3,4679.0,0.44669,2022
RO,C16,C,C16,13056.7,4813.4,0.75349,2022
SI,C16,C,C16,3212.4,1469.4,0.60729,2022
SK,C16,C,C16,1999.1,2326.1,0.23873,2022
AT,C17,C,C17,69665.7,18377.7,1.05299,2022
BE,C17,C,C17,22741.9,6434.0,0.98185,2022
BG,C17,C,C17,9292.6,1039.5,2.48317,2022
CZ,C17,C,C17,30908.9,5004.7,1.71553,2022
DE,C17,C,C17,250752.8,57494.2,1.21149,2022
DK,C17,C,C17,2282.3,1509.5,0.41998,2022
ES,C17,C,C17,68125.1,19804.5,0.95552,2022
FI,C17,C,C17,265922.0,19761.5,3.73793,2022
FR,C17,C,C17,101594.1,24457.6,1.15386,2022
GR,C17,C,C17,2546.2,2241.9,0.31548,2022
HU,C17,C,C17,8082.1,2782.9,0.80671,2022
IT,C17,C,C17,109203.9,34408.1,0.88161,2022
NL,C17,C,C17,26416.6,10458.1,0.70165,2022
NO,C17,C,C17,19814.0,1951.4,2.82053,2022
PL,C17,C,C17,65194.3,16371.9,1.10613,2022
PT,C17,C,C17,55563.8,6595.8,2.34002,2022
RO,C17,C,C17,6320.6,2050.6,0.85622,2022
RS,C17,C,C17,4829.7,1504.5,0.89168,2022
SI,C17,C,C17,5647.0,1333.4,1.17643,2022
SK,C17,C,C17,17211.0,2107.2,2.26882,2022
AT,C18,C,C18,1249.1,1969.8,0.17615,2022
BE,C18,C,C18,7217.9,2327.7,0.86134,2022
CZ,C18,C,C18,1048.7,2103.7,0.13847,2022
DE,C18,C,C18,13906.7,17311.0,0.22315,2022
ES,C18,C,C18,3632.5,6568.4,0.15362,2022
FR,C18,C,C18,4292.3,7879.8,0.15131,2022
HU,C18,C,C18,1146.6,1197.3,0.26602,2022
IT,C18,C,C18,14786.6,10813.9,0.37982,2022
NL,C18,C,C18,1781.5,3339.9,0.14817,2022
PL,C18,C,C18,499.7,4815.4,0.02883,2022
PT,C18,C,C18,1368.6,1078.3,0.35256,2022
RO,C18,C,C18,1921.4,1081.3,0.49359,2022
BG,C19,C,C19,27169.3,2175.3,3.46937,2022
DE,C19,C,C19,344402.9,164919.6,0.58009,2022
FR,C19,C,C19,91820.3,62306.3,0.40936,2022
HU,C19,C,C19,25236.8,13076.0,0.53611,2022
NL,C19,C,C19,154727.2,63558.9,0.67622,2022
PT,C19,C,C19,40015.3,13569.3,0.81916,2022
RO,C19,C,C19,78667.0,21957.3,0.9952,2022
AT,C20,C,C20,35404.7,21580.1,0.45573,2022
BE,C20,C,C20,210890.9,52053.5,1.1254,2022
BG,C20,C,C20,31235.6,2959.4,2.93186,2022
CZ,C20,C,C20,58044.7,17871.0,0.90221,2022
DE,C20,C,C20,607848.4,247039.8,0.68348,2022
DK,C20,C,C20,8811.9,7121.8,0.3437,2022
ES,C20,C,C20,104382.8,60323.0,0.48067,2022
FI,C20,C,C20,28501.1,9916.5,0.79837,2022
FR,C20,C,C20,213439.4,108869.1,0.54459,2022
GR,C20,C,C20,5914.2,3951.9,0.41571,2022
HU,C20,C,C20,28747.2,7898.7,1.01097,2022
IE,C20,C,C20,3283.0,18983.8,0.04804,2022
IT,C20,C,C20,153213.1,70665.1,0.60227,2022
LT,C20,C,C20,37699.0,3925.1,2.66796,2022
NL,C20,C,C20,326800.8,86703.1,1.047,2022
NO,C20,C,C20,55823.9,9672.1,1.60324,2022
PL,C20,C,C20,98119.9,27179.7,1.00279,2022
PT,C20,C,C20,17652.1,7755.5,0.63224,2022
RO,C20,C,C20,32780.4,4413.1,2.06331,2022
RS,C20,C,C20,13586.9,2787.7,1.35387,2022
SI,C20,C,C20,4826.4,2057.7,0.65153,2022
SK,C20,C,C20,7572.2,3038.8,0.69219,2022
BE,C21,C,C21,6092.7,41673.1,0.04061,2022
CZ,C21,C,C21,1602.0,2584.2,0.1722,2022
DE,C21,C,C21,24129.9,92059.0,0.07281,2022
DK,C21,C,C21,3803.0,26598.8,0.03972,2022
ES,C21,C,C21,10879.3,22930.2,0.13179,2022
FR,C21,C,C21,19388.8,52832.2,0.10194,2022
HU,C21,C,C21,4108.7,4580.0,0.24919,2022
IT,C21,C,C21,22398.0,27330.6,0.22764,2022
NL,C21,C,C21,4759.6,16398.7,0.08062,2022
PL,C21,C,C21,3213.8,4661.0,0.19153,2022
PT,C21,C,C21,1238.2,1836.2,0.18731,2022
RO,C21,C,C21,2621.3,2126.7,0.34238,2022
AT,C22,C,C22,5803.6,8604.5,0.18736,2022
BE,C22,C,C22,3558.5,10631.8,0.09297,2022
BG,C22,C,C22,3398.2,2643.0,0.35715,2022
CZ,C22,C,C22,12871.9,15331.0,0.23322,2022
DE,C22,C,C22,81583.0,113171.6,0.20024,2022
DK,C22,C,C22,2739.4,3498.4,0.21751,2022
ES,C22,C,C22,21393.5,27509.2,0.21602,2022
FI,C22,C,C22,7501.4,4230.1,0.49259,2022
FR,C22,C,C22,35370.6,39438.7,0.24913,2022
GR,C22,C,C22,4545.0,2557.2,0.49371,2022
HR,C22,C,C22,1123.1,1415.5,0.2204,2022
HU,C22,C,C22,11580.7,8655.3,0.37166,2022
IE,C22,C,C22,93.7,2728.3,0.00954,2022
IT,C22,C,C22,45570.0,61650.3,0.20532,2022
LT,C22,C,C22,1519.0,2459.7,0.17155,2022
NL,C22,C,C22,10226.6,13333.1,0.21306,2022
NO,C22,C,C22,1562.1,1710.0,0.25375,2022
PL,C22,C,C22,26439.1,34466.1,0.21308,2022
PT,C22,C,C22,545.6,6557.1,0.02311,2022
RO,C22,C,C22,9207.2,8954.5,0.28562,2022
RS,C22,C,C22,696.0,3499.4,0.05525,2022
SI,C22,C,C22,573.2,2778.4,0.05731,2022
SK,C22,C,C22,5784.9,5637.4,0.28505,2022
AT,C23,C,C23,32507.4,8468.6,1.06627,2022
BE,C23,C,C23,46629.4,12772.8,1.01408,2022
BG,C23,C,C23,20252.4,2408.9,2.33541,2022
CZ,C23,C,C23,24105.1,8816.8,0.75944,2022
DE,C23,C,C23,221887.6,63700.3,0.96759,2022
DK,C23,C,C23,20290.1,4724.2,1.19304,2022
ES,C23,C,C23,155546.4,30053.2,1.43769,2022
FI,C23,C,C23,10498.8,3913.6,0.74517,2022
FR,C23,C,C23,142391.0,36365.3,1.08766,2022
GR,C23,C,C23,25166.2,2942.4,2.37585,2022
HR,C23,C,C23,14187.0,1907.2,2.06626,2022
HU,C23,C,C23,18568.2,3970.6,1.29902,2022
IE,C23,C,C23,14422.8,3697.0,1.08368,2022
IT,C23,C,C23,218328.0,41890.1,1.44776,2022
LT,C23,C,C23,6993.0,1076.5,1.80449,2022
LU,C23,C,C23,2273.5,1017.0,0.62098,2022
NL,C23,C,C23,24692.7,9061.2,0.75697,2022
NO,C23,C,C23,10597.8,4545.9,0.64758,2022
PL,C23,C,C23,98245.0,22144.5,1.23238,2022
PT,C23,C,C23,42728.8,6238.7,1.90249,2022
RO,C23,C,C23,33910.6,5384.0,1.74954,2022
RS,C23,C,C23,17657.0,1330.8,3.68541,2022
SI,C23,C,C23,6835.5,1336.5,1.42072,2022
SK,C23,C,C23,11959.8,2917.6,1.13865,2022
AT,C24,C,C24,111843.6,29022.9,1.07045,2022
BE,C24,C,C24,144437.4,31597.6,1.26976,2022
BG,C24,C,C24,11792.7,8317.7,0.39383,2022
CZ,C24,C,C24,14016.6,12026.6,0.32374,2022
DE,C24,C,C24,697361.4,156178.9,1.24032,2022
DK,C24,C,C24,3908.8,2387.7,0.45474,2022
ES,C24,C,C24,138913.6,42432.3,0.90938,2022
FI,C24,C,C24,68440.5,15440.8,1.23124,2022
FR,C24,C,C24,148748.5,41740.6,0.9899,2022
GR,C24,C,C24,30978.3,12439.3,0.69176,2022
HU,C24,C,C24,17521.5,4499.8,1.08163,2022
IE,C24,C,C24,18398.6,1277.8,3.99966,2022
IS,C24,C,C24,51758.0,3178.0,4.52404,2022
IT,C24,C,C24,272116.9,96218.8,0.78559,2022
NL,C24,C,C24,83606.5,12746.7,1.82196,2022
NO,C24,C,C24,108443.4,14053.2,2.1435,2022
PL,C24,C,C24,108374.4,24716.3,1.21798,2022
PT,C24,C,C24,9076.7,4520.1,0.5578,2022
RO,C24,C,C24,60808.9,6508.5,2.59529,2022
RS,C24,C,C24,35565.1,3684.1,2.68158,2022
SI,C24,C,C24,10620.6,4026.1,0.73276,2022
SK,C24,C,C24,80806.6,8439.5,2.65966,2022
AT,C25,C,C25,9980.1,21111.7,0.13131,2022
BE,C25,C,C25,5270.0,15707.9,0.09319,2022
BG,C25,C,C25,2789.0,3523.0,0.21991,2022
CZ,C25,C,C25,12052.6,21694.0,0.15433,2022
DE,C25,C,C25,90586.9,183560.1,0.13708,2022
DK,C25,C,C25,4571.1,8680.6,0.14627,2022
EE,C25,C,C25,936.5,2113.9,0.12306,2022
ES,C25,C,C25,25938.4,48711.8,0.14791,2022
FI,C25,C,C25,5403.5,10511.7,0.14279,2022
FR,C25,C,C25,36760.5,69673.0,0.14656,2022
GR,C25,C,C25,2695.3,3869.5,0.19349,2022
HR,C25,C,C25,1923.4,2832.9,0.18859,2022
HU,C25,C,C25,7897.3,7999.4,0.27423,2022
IE,C25,C,C25,939.8,3478.1,0.07506,2022
IT,C25,C,C25,76032.1,120327.3,0.17552,2022
LT,C25,C,C25,956.0,2020.4,0.13144,2022
LV,C25,C,C25,570.7,1117.4,0.14187,2022
NL,C25,C,C25,11842.0,29452.7,0.11169,2022
NO,C25,C,C25,3631.6,6060.5,0.16645,2022
PL,C25,C,C25,17273.0,46796.4,0.10253,2022
PT,C25,C,C25,5542.7,9791.2,0.15725,2022
RO,C25,C,C25,6430.8,7632.4,0.23405,2022
RS,C25,C,C25,4674.9,3584.5,0.36228,2022
SI,C25,C,C25,4989.5,4864.0,0.28494,2022
SK,C25,C,C25,4139.0,8354.6,0.13761,2022
AT,C26,C,C26,2946.8,12453.3,0.06573,2022
BG,C26,C,C26,245.6,1214.2,0.05618,2022
CZ,C26,C,C26,2970.8,13926.4,0.05926,2022
DE,C26,C,C26,28069.9,118543.9,0.06577,2022
DK,C26,C,C26,661.3,6054.6,0.03034,2022
EE,C26,C,C26,312.5,1567.0,0.0554,2022
ES,C26,C,C26,956.6,5899.6,0.04504,2022
FI,C26,C,C26,1594.7,21130.9,0.02096,2022
FR,C26,C,C26,10381.9,36859.3,0.07824,2022
HU,C26,C,C26,2391.0,16866.4,0.03938,2022
IT,C26,C,C26,11820.4,23945.2,0.13712,2022
LT,C26,C,C26,197.0,1148.3,0.04765,2022
NL,C26,C,C26,1832.4,19767.0,0.02575,2022
NO,C26,C,C26,370.3,3506.6,0.02933,2022
PL,C26,C,C26,1799.4,11221.2,0.04454,2022
PT,C26,C,C26,563.9,3111.3,0.05034,2022
RO,C26,C,C26,997.2,3622.6,0.07646,2022
SK,C26,C,C26,983.1,4229.0,0.06457,2022
AT,C27,C,C27,4500.9,15597.8,0.08016,2022
BE,C27,C,C27,1171.9,4055.5,0.08027,2022
BG,C27,C,C27,1273.1,2603.2,0.13585,2022
CZ,C27,C,C27,6449.9,16997.1,0.10541,2022
DE,C27,C,C27,30490.3,157926.4,0.05363,2022
DK,C27,C,C27,899.9,3821.9,0.06541,2022
EE,C27,C,C27,303.8,1022.3,0.08255,2022
ES,C27,C,C27,6529.5,21707.7,0.08355,2022
FI,C27,C,C27,2064.3,7441.0,0.07706,2022
FR,C27,C,C27,12133.7,41554.2,0.08111,2022
GR,C27,C,C27,877.3,2751.3,0.08857,2022
HR,C27,C,C27,586.5,1400.1,0.11636,2022
HU,C27,C,C27,8185.6,13879.5,0.16382,2022
IE,C27,C,C27,298.4,1878.2,0.04413,2022
IT,C27,C,C27,22642.5,54459.4,0.11549,2022
NL,C27,C,C27,2345.9,15349.9,0.04245,2022
NO,C27,C,C27,586.8,3062.4,0.05323,2022
PL,C27,C,C27,8406.5,36876.6,0.06332,2022
PT,C27,C,C27,926.3,3659.4,0.07031,2022
RO,C27,C,C27,3420.5,7779.8,0.12213,2022
RS,C27,C,C27,1674.6,1949.8,0.23857,2022
SI,C27,C,C27,2022.9,5731.3,0.09804,2022
SK,C27,C,C27,1434.9,5168.4,0.07712,2022
AT,C28,C,C28,6160.8,32365.5,0.05288,2022
BE,C28,C,C28,4213.8,15759.3,0.07427,2022
BG,C28,C,C28,1975.3,2624.7,0.20905,2022
CZ,C28,C,C28,8746.3,18413.6,0.13194,2022
DE,C28,C,C28,74404.0,348321.2,0.05934,2022
DK,C28,C,C28,4674.6,27109.2,0.0479,2022
ES,C28,C,C28,6455.9,25870.0,0.06932,2022
FI,C28,C,C28,4597.8,21702.1,0.05885,2022
FR,C28,C,C28,14024.5,63067.9,0.06177,2022
GR,C28,C,C28,375.9,1294.0,0.08069,2022
HR,C28,C,C28,594.1,1269.4,0.13001,2022
HU,C28,C,C28,4727.9,7537.2,0.17424,2022
IE,C28,C,C28,918.1,3895.9,0.06546,2022
IT,C28,C,C28,32875.4,149403.1,0.06112,2022
LU,C28,C,C28,0.9,1760.6,0.00014,2022
NL,C28,C,C28,4794.9,49493.8,0.02691,2022
NO,C28,C,C28,1214.6,5252.3,0.06424,2022
PL,C28,C,C28,7958.2,16742.7,0.13203,2022
PT,C28,C,C28,2467.3,3500.7,0.19578,2022
RO,C28,C,C28,4946.0,5536.9,0.24814,2022
RS,C28,C,C28,305.1,1349.1,0.06282,2022
SI,C28,C,C28,1904.9,3147.9,0.16809,2022
SK,C28,C,C28,2530.2,7346.8,0.09567,2022
AT,C29,C,C29,6283.6,18606.9,0.09381,2022
BE,C29,C,C29,2356.0,18867.6,0.03469,2022
BG,C29,C,C29,703.2,2277.0,0.08579,2022
CZ,C29,C,C29,16249.4,58232.2,0.07751,2022
DE,C29,C,C29,137248.9,594710.4,0.06411,2022
DK,C29,C,C29,429.6,1030.1,0.11585,2022
ES,C29,C,C29,19876.3,77674.2,0.07108,2022
FI,C29,C,C29,1285.8,2274.3,0.15704,2022
FR,C29,C,C29,27387.6,145702.2,0.05221,2022
HU,C29,C,C29,9275.8,31864.5,0.08086,2022
IT,C29,C,C29,27830.8,77221.0,0.10011,2022
MK,C29,C,C29,531.1,1081.4,0.13643,2022
NL,C29,C,C29,2739.1,14402.8,0.05283,2022
NO,C29,C,C29,378.8,1112.0,0.09463,2022
PL,C29,C,C29,14604.9,52209.7,0.0777,2022
PT,C29,C,C29,3364.4,11772.4,0.07939,2022
RO,C29,C,C29,12776.9,25595.4,0.13866,2022
RS,C29,C,C29,960.5,3332.6,0.08006,2022
SI,C29,C,C29,1282.0,3562.0,0.09997,2022
SK,C29,C,C29,5912.8,34458.7,0.04766,2022
AT,C30,C,C30,670.2,6127.2,0.03038,2022
BG,C30,C,C30,183.7,1040.5,0.04904,2022
CZ,C30,C,C30,1814.6,4050.9,0.12443,2022
DE,C30,C,C30,13772.0,54621.8,0.07004,2022
ES,C30,C,C30,4461.0,17194.1,0.07207,2022
FI,C30,C,C30,1131.4,3069.5,0.10239,2022
FR,C30,C,C30,11384.0,106794.0,0.02961,2022
HU,C30,C,C30,586.6,1852.5,0.08796,2022
IT,C30,C,C30,7185.8,34104.6,0.05853,2022
NL,C30,C,C30,1890.1,9748.1,0.05386,2022
NO,C30,C,C30,1438.3,5259.5,0.07596,2022
PL,C30,C,C30,3643.6,7651.4,0.13228,2022
RO,C30,C,C30,3282.2,2109.7,0.43216,2022
AT,C31_C32,C,C31;C32,2329.8,11403.8,0.05675,2022
BE,C31_C32,C,C31;C32,2970.5,6437.8,0.12817,2022
BG,C31_C32,C,C31;C32,933.2,1634.0,0.15864,2022
CZ,C31_C32,C,C31;C32,3071.5,5955.5,0.14326,2022
DE,C31_C32,C,C31;C32,34320.9,79420.1,0.12004,2022
DK,C31_C32,C,C31;C32,1714.3,13457.6,0.03538,2022
ES,C31_C32,C,C31;C32,4340.2,13447.6,0.08965,2022
FI,C31_C32,C,C31;C32,1771.6,2429.8,0.20253,2022
FR,C31_C32,C,C31;C32,8287.5,31323.4,0.07349,2022
GR,C31_C32,C,C31;C32,1697.6,1313.1,0.35911,2022
HR,C31_C32,C,C31;C32,1466.8,1105.7,0.3685,2022
HU,C31_C32,C,C31;C32,2855.5,3002.4,0.26418,2022
IT,C31_C32,C,C31;C32,19234.2,53598.2,0.09968,2022
LT,C31_C32,C,C31;C32,2447.0,3912.5,0.17373,2022
NL,C31_C32,C,C31;C32,3476.0,9055.4,0.10663,2022
NO,C31_C32,C,C31;C32,801.5,2200.6,0.10117,2022
PL,C31_C32,C,C31;C32,10066.5,21048.4,0.13285,2022
PT,C31_C32,C,C31;C32,848.1,4272.1,0.05514,2022
RO,C31_C32,C,C31;C32,2866.2,3769.2,0.21123,2022
RS,C31_C32,C,C31;C32,206.4,1404.4,0.04082,2022
SI,C31_C32,C,C31;C32,412.4,1278.7,0.08958,2022
SK,C31_C32,C,C31;C32,1332.7,1817.6,0.20367,2022
AT,C33,C,C33,883.3,5717.0,0.04292,2022
BE,C33,C,C33,3489.1,6595.1,0.14696,2022
CZ,C33,C,C33,2280.9,6940.8,0.09128,2022
DE,C33,C,C33,10579.8,47144.1,0.06234,2022
DK,C33,C,C33,1394.5,3514.0,0.11023,2022
ES,C33,C,C33,4581.5,11763.4,0.10819,2022
FI,C33,C,C33,975.4,3134.3,0.08644,2022
FR,C33,C,C33,8259.9,34828.5,0.06588,2022
GR,C33,C,C33,4790.7,1574.0,0.84547,2022
HR,C33,C,C33,296.1,1158.9,0.07097,2022
HU,C33,C,C33,1351.3,3248.5,0.11555,2022
IE,C33,C,C33,438.1,1431.9,0.08499,2022
IT,C33,C,C33,9925.3,22363.9,0.12328,2022
NL,C33,C,C33,2534.8,13761.5,0.05117,2022
NO,C33,C,C33,1788.7,5360.2,0.09269,2022
PL,C33,C,C33,3425.1,13346.9,0.07128,2022
PT,C33,C,C33,1065.0,2320.1,0.12751,2022
RO,C33,C,C33,754.9,1299.9,0.16132,2022
SK,C33,C,C33,492.4,1509.2,0.09063,2022
AL,D,D,D35,3561.7,2634.6,0.37553,2022
AT,D,D,D35,217705.1,110986.1,0.54488,2022
BE,D,D,D35,191035.0,55066.1,0.96367,2022
BG,D,D,D35,337316.0,37538.2,2.49609,2022
CY,D,D,D35,43859.0,1394.5,8.73676,2022
CZ,D,D,D35,499289.1,100503.9,1.37996,2022
DE,D,D,D35,2492416.1,1387737.0,0.4989,2022
DK,D,D,D35,186514.7,130611.1,0.39667,2022
EE,D,D,D35,79430.4,5541.5,3.98161,2022
ES,D,D,D35,1051326.8,189412.3,1.5418,2022
FI,D,D,D35,267792.1,24955.1,2.98082,2022
FR,D,D,D35,878709.1,271930.0,0.89761,2022
GR,D,D,D35,302109.0,37717.8,2.22493,2022
HR,D,D,D35,68156.4,13022.1,1.45387,2022
HU,D,D,D35,178239.6,47783.4,1.03615,2022
IE,D,D,D35,169636.7,21675.9,2.1739,2022
IS,D,D,D35,173789.3,1636.4,29.50116,2022
IT,D,D,D35,1518697.7,530013.1,0.79594,2022
LT,D,D,D35,63118.0,7573.5,2.31502,2022
LU,D,D,D35,15154.2,10657.0,0.395,2022
LV,D,D,D35,43503.9,4829.8,2.50204,2022
MK,D,D,D35,56084.2,4319.0,3.60706,2022
NL,D,D,D35,499077.0,82760.6,1.6751,2022
NO,D,D,D35,56903.5,43584.1,0.36267,2022
PL,D,D,D35,1711441.8,102380.3,4.64348,2022
PT,D,D,D35,215520.5,32171.2,1.86088,2022
RO,D,D,D35,304433.2,29472.3,2.86929,2022
RS,D,D,D35,338569.2,7411.5,12.68937,2022
SE,D,D,D35,240950.1,40291.9,1.66114,2022
SI,D,D,D35,48633.0,14939.4,0.90426,2022
SK,D,D,D35,99325.2,24651.1,1.11923,2022
AT,E,E,E36;E37;E38;E39,5268.6,7602.6,0.1925,2022
BE,E,E,E36;E37;E38;E39,17220.3,13027.7,0.36717,2022
BG,E,E,E36;E37;E38;E39,4890.6,1483.8,0.91554,2022
CZ,E,E,E36;E37;E38;E39,15436.7,7074.9,0.60609,2022
DE,E,E,E36;E37;E38;E39,120268.0,86275.8,0.38722,2022
DK,E,E,E36;E37;E38;E39,6143.0,6240.5,0.27344,2022
ES,E,E,E36;E37;E38;E39,37177.8,25657.5,0.4025,2022
FI,E,E,E36;E37;E38;E39,1963.6,3971.5,0.13734,2022
FR,E,E,E36;E37;E38;E39,55205.6,51836.2,0.29583,2022
GR,E,E,E36;E37;E38;E39,14038.4,1982.1,1.96738,2022
HR,E,E,E36;E37;E38;E39,2875.9,1971.6,0.40518,2022
HU,E,E,E36;E37;E38;E39,8544.4,3029.2,0.78352,2022
IE,E,E,E36;E37;E38;E39,4074.8,2360.9,0.47944,2022
IT,E,E,E36;E37;E38;E39,70341.5,50699.3,0.3854,2022
NL,E,E,E36;E37;E38;E39,31443.7,13385.2,0.65254,2022
NO,E,E,E36;E37;E38;E39,7370.9,4541.4,0.45085,2022
PL,E,E,E36;E37;E38;E39,49675.0,14675.1,0.94028,2022
PT,E,E,E36;E37;E38;E39,17777.8,4683.6,1.05439,2022
RO,E,E,E36;E37;E38;E39,10183.0,5304.8,0.53322,2022
RS,E,E,E36;E37;E38;E39,5052.0,1452.2,0.96634,2022
SE,E,E,E36;E37;E38;E39,6262.5,7917.7,0.21971,2022
SI,E,E,E36;E37;E38;E39,1380.2,1940.0,0.19762,2022
SK,E,E,E36;E37;E38;E39,3696.8,2003.7,0.5125,2022
BE,E36,E,E36,2142.4,2912.3,0.20434,2022
CZ,E36,E,E36,5528.5,2197.3,0.6989,2022
DE,E36,E,E36,8750.3,16116.8,0.15081,2022
ES,E36,E,E36,17049.9,9533.3,0.4968,2022
FI,E36,E,E36,200.4,1160.8,0.04796,2022
FR,E36,E,E36,19167.9,4540.5,1.17264,2022
IT,E36,E,E36,32803.1,10431.9,0.87348,2022
NL,E36,E,E36,2585.2,1640.9,0.43764,2022
PL,E36,E,E36,16396.6,1965.1,2.31773,2022
PT,E36,E,E36,1973.9,1745.2,0.31418,2022
RO,E36,E,E36,994.8,1157.2,0.2388,2022
AT,E37-E39,E,E37;E38;E39,4479.6,7044.9,0.17663,2022
BE,E37-E39,E,E37;E38;E39,15077.9,10115.4,0.41405,2022
BG,E37-E39,E,E37;E38;E39,1878.0,1068.7,0.48814,2022
CZ,E37-E39,E,E37;E38;E39,9908.2,4877.5,0.56428,2022
DE,E37-E39,E,E37;E38;E39,111517.7,70159.1,0.44153,2022
DK,E37-E39,E,E37;E38;E39,5310.1,5481.0,0.26912,2022
ES,E37-E39,E,E37;E38;E39,20127.8,16124.3,0.34675,2022
FI,E37-E39,E,E37;E38;E39,1763.1,2810.7,0.17424,2022
FR,E37-E39,E,E37;E38;E39,36037.7,47295.7,0.21166,2022
GR,E37-E39,E,E37;E38;E39,9956.7,1478.5,1.87065,2022
HR,E37-E39,E,E37;E38;E39,1567.5,1690.7,0.25753,2022
HU,E37-E39,E,E37;E38;E39,5316.0,2443.0,0.60444,2022
IT,E37-E39,E,E37;E38;E39,37538.4,40267.5,0.25895,2022
NL,E37-E39,E,E37;E38;E39,28858.5,11744.3,0.68257,2022
NO,E37-E39,E,E37;E38;E39,6398.6,4479.5,0.39679,2022
PL,E37-E39,E,E37;E38;E39,33278.4,12709.9,0.7273,2022
PT,E37-E39,E,E37;E38;E39,15804.0,2938.4,1.49403,2022
RO,E37-E39,E,E37;E38;E39,9188.2,4147.6,0.61537,2022
RS,E37-E39,E,E37;E38;E39,3776.9,1046.4,1.00259,2022
SI,E37-E39,E,E37;E38;E39,819.4,1354.3,0.16807,2022
SK,E37-E39,E,E37;E38;E39,2906.3,1519.4,0.53133,2022
AL,F,F,F41;F42;F43,5314.6,2863.2,0.5156,2022
AT,F,F,F41;F42;F43,23962.3,70071.0,0.09499,2022
BE,F,F,F41;F42;F43,53721.5,95236.5,0.15669,2022
BG,F,F,F41;F42;F43,7519.4,11944.8,0.17486,2022
CY,F,F,F41;F42;F43,2251.1,5862.3,0.10666,2022
CZ,F,F,F41;F42;F43,21110.9,48035.8,0.12208,2022
DE,F,F,F41;F42;F43,123274.7,402858.2,0.085,2022
DK,F,F,F41;F42;F43,25588.1,50550.9,0.14061,2022
EE,F,F,F41;F42;F43,5021.2,7895.4,0.17666,2022
ES,F,F,F41;F42;F43,78891.3,173804.3,0.12609,2022
FI,F,F,F41;F42;F43,27389.6,45871.6,0.16586,2022
FR,F,F,F41;F42;F43,140454.9,387923.2,0.10057,2022
GR,F,F,F41;F42;F43,8704.5,14738.0,0.16406,2022
HR,F,F,F41;F42;F43,5723.2,10410.2,0.15271,2022
HU,F,F,F41;F42;F43,26434.0,30224.8,0.24294,2022
IE,F,F,F41;F42;F43,7919.7,45907.7,0.04792,2022
IS,F,F,F41;F42;F43,2141.3,4154.9,0.14316,2022
IT,F,F,F41;F42;F43,123657.9,266583.5,0.12885,2022
LT,F,F,F41;F42;F43,7007.0,10202.7,0.19077,2022
LU,F,F,F41;F42;F43,2055.8,11069.7,0.05159,2022
LV,F,F,F41;F42;F43,3619.0,5471.0,0.18375,2022
MK,F,F,F41;F42;F43,4834.8,2027.5,0.6624,2022
MT,F,F,F41;F42;F43,1398.4,2009.3,0.19333,2022
NL,F,F,F41;F42;F43,50068.5,145201.1,0.09578,2022
NO,F,F,F41;F42;F43,36921.3,74616.7,0.13745,2022
PL,F,F,F41;F42;F43,9965.9,117049.4,0.02365,2022
PT,F,F,F41;F42;F43,18794.4,31971.1,0.16329,2022
RO,F,F,F41;F42;F43,44192.8,36248.0,0.33866,2022
RS,F,F,F41;F42;F43,12941.4,12997.0,0.27659,2022
SE,F,F,F41;F42;F43,38303.6,100612.3,0.10575,2022
SI,F,F,F41;F42;F43,10354.4,9158.2,0.31406,2022
SK,F,F,F41;F42;F43,4224.7,14882.5,0.07885,2022
AL,G,G,G45;G46;G47,4162.2,12746.5,0.0907,2022
AT,G,G,G45;G46;G47,26000.7,318968.2,0.02264,2022
BE,G,G,G45;G46;G47,39745.0,608050.3,0.01816,2022
BG,G,G,G45;G46;G47,23083.5,105037.1,0.06105,2022
CY,G,G,G45;G46;G47,4118.7,18306.9,0.06249,2022
CZ,G,G,G45;G46;G47,25424.1,252439.1,0.02798,2022
DE,G,G,G45;G46;G47,256047.2,2517366.5,0.02825,2022
DK,G,G,G45;G46;G47,30625.5,243847.9,0.03489,2022
EE,G,G,G45;G46;G47,10019.9,38429.8,0.07243,2022
ES,G,G,G45;G46;G47,162530.4,955065.3,0.04727,2022
FI,G,G,G45;G46;G47,14472.0,139834.8,0.02875,2022
FR,G,G,G45;G46;G47,277597.9,1664351.6,0.04633,2022
GR,G,G,G45;G46;G47,19142.3,145326.0,0.03659,2022
HR,G,G,G45;G46;G47,9232.9,48549.8,0.05283,2022
HU,G,G,G45;G46;G47,37286.1,130919.2,0.07911,2022
IE,G,G,G45;G46;G47,17815.9,213790.4,0.02315,2022
IS,G,G,G45;G46;G47,7591.4,13347.1,0.15799,2022
IT,G,G,G45;G46;G47,254537.0,1218689.4,0.05802,2022
LT,G,G,G45;G46;G47,12892.0,59505.7,0.06018,2022
LU,G,G,G45;G46;G47,3444.8,107330.5,0.00892,2022
LV,G,G,G45;G46;G47,7974.9,37937.9,0.05839,2022
MK,G,G,G45;G46;G47,4211.5,13056.0,0.0896,2022
MT,G,G,G45;G46;G47,1086.8,11958.5,0.02524,2022
NL,G,G,G45;G46;G47,81908.6,957463.3,0.02376,2022
NO,G,G,G45;G46;G47,30479.8,229683.2,0.03686,2022
PL,G,G,G45;G46;G47,127392.0,580804.9,0.06093,2022
PT,G,G,G45;G46;G47,39555.5,182129.3,0.06033,2022
RO,G,G,G45;G46;G47,33870.2,180867.5,0.05202,2022
RS,G,G,G45;G46;G47,27976.7,55893.5,0.13904,2022
SE,G,G,G45;G46;G47,36294.8,325054.5,0.03102,2022
SI,G,G,G45;G46;G47,10667.0,50397.1,0.05879,2022
SK,G,G,G45;G46;G47,22584.3,77794.6,0.08064,2022
AT,G45,G,G45,3470.8,40594.2,0.02375,2022
BE,G45,G,G45,5345.4,110693.4,0.01341,2022
BG,G45,G,G45,3324.1,6389.9,0.1445,2022
CY,G45,G,G45,305.0,1220.9,0.0694,2022
CZ,G45,G,G45,2584.1,26344.2,0.02725,2022
DE,G45,G,G45,21656.8,319817.2,0.01881,2022
DK,G45,G,G45,6443.3,29372.3,0.06094,2022
EE,G45,G,G45,1900.2,4836.5,0.10914,2022
ES,G45,G,G45,38518.7,91836.1,0.11651,2022
FI,G45,G,G45,2186.0,21105.4,0.02877,2022
FR,G45,G,G45,63001.3,217582.4,0.08043,2022
GR,G45,G,G45,1442.7,10693.6,0.03748,2022
HR,G45,G,G45,508.7,4951.7,0.02854,2022
HU,G45,G,G45,4141.3,17018.3,0.0676,2022
IE,G45,G,G45,1610.8,28188.7,0.01587,2022
IS,G45,G,G45,4160.7,1875.0,0.61639,2022
IT,G45,G,G45,46497.6,143052.8,0.09029,2022
LT,G45,G,G45,861.0,6529.3,0.03663,2022
LU,G45,G,G45,470.1,5089.6,0.02566,2022
LV,G45,G,G45,375.7,3100.7,0.03366,2022
NL,G45,G,G45,9053.5,107378.5,0.02342,2022
NO,G45,G,G45,5807.0,37033.6,0.04356,2022
PL,G45,G,G45,10288.0,59786.5,0.0478,2022
PT,G45,G,G45,2651.9,23552.8,0.03128,2022
RO,G45,G,G45,2819.0,16154.0,0.04847,2022
RS,G45,G,G45,1249.5,3898.9,0.08902,2022
SI,G45,G,G45,1911.2,6959.2,0.07629,2022
SK,G45,G,G45,2406.8,8520.1,0.07847,2022
AL,G46,G,G46,2731.6,8552.4,0.08872,2022
AT,G46,G,G46,13687.3,189852.9,0.02003,2022
BE,G46,G,G46,14150.5,393804.0,0.00998,2022
BG,G46,G,G46,12079.0,73793.2,0.04547,2022
CY,G46,G,G46,1540.8,9761.7,0.04384,2022
CZ,G46,G,G46,12644.3,165597.4,0.02121,2022
DE,G46,G,G46,93008.8,1422970.8,0.01816,2022
DK,G46,G,G46,13911.9,160604.0,0.02406,2022
EE,G46,G,G46,5159.3,22866.0,0.06268,2022
ES,G46,G,G46,60495.9,574666.3,0.02924,2022
FI,G46,G,G46,4243.1,74435.1,0.01583,2022
FR,G46,G,G46,81207.2,890545.9,0.02533,2022
GR,G46,G,G46,13962.1,82881.6,0.04679,2022
HR,G46,G,G46,1888.2,23997.7,0.02186,2022
HU,G46,G,G46,17632.6,72540.7,0.06752,2022
IE,G46,G,G46,7698.7,125226.3,0.01708,2022
IS,G46,G,G46,1508.2,7016.6,0.05971,2022
IT,G46,G,G46,96186.8,697246.5,0.03832,2022
LT,G46,G,G46,6975.0,33990.4,0.057,2022
LU,G46,G,G46,1434.7,91643.0,0.00435,2022
LV,G46,G,G46,5632.9,24129.5,0.06485,2022
MK,G46,G,G46,2192.0,7626.2,0.07984,2022
MT,G46,G,G46,515.2,7833.6,0.01827,2022
NL,G46,G,G46,44645.3,694010.4,0.01787,2022
NO,G46,G,G46,14031.1,132412.5,0.02943,2022
PL,G46,G,G46,61566.0,336935.2,0.05076,2022
PT,G46,G,G46,18346.1,92223.2,0.05526,2022
RO,G46,G,G46,19922.2,96384.7,0.05742,2022
RS,G46,G,G46,13569.2,32481.9,0.11604,2022
SI,G46,G,G46,5135.3,22453.0,0.06353,2022
SK,G46,G,G46,11306.7,42589.7,0.07374,2022
AL,G47,G,G47,1212.9,3649.5,0.09232,2022
AT,G47,G,G47,8842.5,88521.0,0.02775,2022
BE,G47,G,G47,20249.1,103552.9,0.05432,2022
BG,G47,G,G47,7680.4,24854.1,0.08584,2022
CY,G47,G,G47,2272.9,7324.3,0.0862,2022
CZ,G47,G,G47,10195.7,60497.5,0.04681,2022
DE,G47,G,G47,141381.6,774578.5,0.0507,2022
DK,G47,G,G47,10270.3,53871.6,0.05296,2022
EE,G47,G,G47,2960.3,10727.4,0.07665,2022
ES,G47,G,G47,63515.9,288562.9,0.06114,2022
FI,G47,G,G47,8042.9,44294.3,0.05044,2022
FR,G47,G,G47,133389.5,556223.4,0.06661,2022
GR,G47,G,G47,3737.4,51750.8,0.02006,2022
HR,G47,G,G47,6836.0,19600.4,0.09688,2022
HU,G47,G,G47,15512.2,41360.3,0.10418,2022
IE,G47,G,G47,8506.4,60375.4,0.03914,2022
IS,G47,G,G47,1922.3,4455.5,0.11985,2022
IT,G47,G,G47,111852.6,378390.1,0.08211,2022
LT,G47,G,G47,5056.0,18986.0,0.07397,2022
LU,G47,G,G47,1540.0,10597.8,0.04036,2022
LV,G47,G,G47,1966.4,10707.6,0.05101,2022
MK,G47,G,G47,1802.1,4760.6,0.10515,2022
MT,G47,G,G47,504.8,3578.8,0.03918,2022
NL,G47,G,G47,28209.7,156074.4,0.05021,2022
NO,G47,G,G47,10641.7,60237.1,0.04907,2022
PL,G47,G,G47,55538.0,184083.2,0.08381,2022
PT,G47,G,G47,18557.6,66353.2,0.07769,2022
RO,G47,G,G47,11128.9,68328.8,0.04524,2022
RS,G47,G,G47,13157.9,19512.7,0.18731,2022
SI,G47,G,G47,3620.4,20984.9,0.04792,2022
SK,G47,G,G47,8870.8,26684.8,0.09234,2022
AT,H,H,H49;H50;H51;H52;H53,133241.4,55058.1,0.67223,2022
BE,H,H,H49;H50;H51;H52;H53,126558.9,66452.5,0.52903,2022
BG,H,H,H49;H50;H51;H52;H53,67939.0,12243.3,1.54141,2022
CY,H,H,H49;H50;H51;H52;H53,6134.4,4784.1,0.35618,2022
CZ,H,H,H49;H50;H51;H52;H53,117864.5,33050.1,0.99062,2022
DE,H,H,H49;H50;H51;H52;H53,938165.3,461382.2,0.56483,2022
DK,H,H,H49;H50;H51;H52;H53,595267.1,116129.1,1.42386,2022
EE,H,H,H49;H50;H51;H52;H53,23389.0,6575.3,0.98809,2022
ES,H,H,H49;H50;H51;H52;H53,579993.1,141326.6,1.13998,2022
FI,H,H,H49;H50;H51;H52;H53,123412.6,25119.0,1.36475,2022
FR,H,H,H49;H50;H51;H52;H53,881375.3,285920.6,0.85627,2022
GR,H,H,H49;H50;H51;H52;H53,225890.1,19141.3,3.2781,2022
HR,H,H,H49;H50;H51;H52;H53,91292.3,6424.4,3.94731,2022
HU,H,H,H49;H50;H51;H52;H53,130531.0,21845.9,1.65975,2022
IE,H,H,H49;H50;H51;H52;H53,260533.5,26508.8,2.73005,2022
IS,H,H,H49;H50;H51;H52;H53,30714.9,3800.2,2.24509,2022
IT,H,H,H49;H50;H51;H52;H53,613304.9,200710.8,0.8488,2022
LT,H,H,H49;H50;H51;H52;H53,176112.0,18683.0,2.61842,2022
LU,H,H,H49;H50;H51;H52;H53,73855.7,10161.1,2.01903,2022
LV,H,H,H49;H50;H51;H52;H53,38456.0,6811.8,1.56819,2022
MK,H,H,H49;H50;H51;H52;H53,14578.8,1735.3,2.33371,2022
MT,H,H,H49;H50;H51;H52;H53,24005.8,5312.5,1.25521,2022
NL,H,H,H49;H50;H51;H52;H53,370383.8,133646.0,0.76983,2022
NO,H,H,H49;H50;H51;H52;H53,329790.8,52463.6,1.74614,2022
PL,H,H,H49;H50;H51;H52;H53,545801.9,97505.1,1.55491,2022
PT,H,H,H49;H50;H51;H52;H53,129269.9,29026.4,1.23709,2022
RO,H,H,H49;H50;H51;H52;H53,257818.0,28652.7,2.49946,2022
RS,H,H,H49;H50;H51;H52;H53,31512.6,8544.6,1.02445,2022
SE,H,H,H49;H50;H51;H52;H53,127019.1,57227.0,0.61655,2022
SI,H,H,H49;H50;H51;H52;H53,17757.1,8526.5,0.57849,2022
SK,H,H,H49;H50;H51;H52;H53,32208.4,13613.4,0.6572,2022
AT,H49,H,H49,52948.6,22218.4,0.66197,2022
BE,H49,H,H49,54766.7,23020.8,0.66083,2022
BG,H49,H,H49,57353.7,7112.1,2.24005,2022
CZ,H49,H,H49,92183.6,15697.1,1.63129,2022
DE,H49,H,H49,235998.8,119050.4,0.55065,2022
DK,H49,H,H49,29514.0,13440.9,0.60995,2022
EE,H49,H,H49,9146.3,2010.9,1.26346,2022
ES,H49,H,H49,310958.8,57307.6,1.50726,2022
FI,H49,H,H49,53571.8,10346.8,1.43823,2022
FR,H49,H,H49,267540.7,115235.9,0.64491,2022
GR,H49,H,H49,46986.6,5839.8,2.23499,2022
HR,H49,H,H49,81242.5,3241.4,6.96218,2022
HU,H49,H,H49,64251.2,9271.3,1.92504,2022
IE,H49,H,H49,16879.0,10971.5,0.42734,2022
IT,H49,H,H49,295829.8,85734.5,0.95848,2022
LT,H49,H,H49,170817.0,12135.9,3.90983,2022
LU,H49,H,H49,2401.5,2226.5,0.29961,2022
LV,H49,H,H49,24535.3,2456.4,2.77457,2022
MK,H49,H,H49,12836.8,1182.8,3.01474,2022
NL,H49,H,H49,93500.9,41776.3,0.6217,2022
NO,H49,H,H49,41903.0,13021.3,0.8939,2022
PL,H49,H,H49,461129.1,63983.8,2.00193,2022
PT,H49,H,H49,54528.6,10020.4,1.51161,2022
RO,H49,H,H49,213387.8,18918.5,3.13315,2022
RS,H49,H,H49,21825.0,5176.6,1.17114,2022
SI,H49,H,H49,14783.5,4738.9,0.86655,2022
SK,H49,H,H49,16514.6,7455.9,0.61527,2022
BE,H50,H,H50,23991.4,2572.4,2.59064,2022
DE,H50,H,H50,128088.6,68222.4,0.52153,2022
DK,H50,H,H50,527502.2,78322.1,1.87084,2022
ES,H50,H,H50,39200.7,2895.6,3.76061,2022
FI,H50,H,H50,28116.9,2289.0,3.41209,2022
IE,H50,H,H50,44826.4,1688.5,7.37468,2022
IT,H50,H,H50,192495.8,12333.5,4.33544,2022
NL,H50,H,H50,124542.1,14263.5,2.42542,2022
NO,H50,H,H50,227530.1,22315.0,2.8323,2022
PL,H50,H,H50,11634.4,1393.2,2.31965,2022
AT,H51,H,H51,73314.9,4111.7,4.953,2022
BE,H51,H,H51,37721.2,5167.7,2.02762,2022
CZ,H51,H,H51,10950.4,1058.5,2.87378,2022
DE,H51,H,H51,350402.1,33474.6,2.90769,2022
DK,H51,H,H51,26419.3,2321.9,3.16067,2022
ES,H51,H,H51,197052.7,13770.6,3.97491,2022
FI,H51,H,H51,37170.8,2567.2,4.02204,2022
HU,H51,H,H51,56484.7,3685.4,4.25735,2022
IE,H51,H,H51,194633.2,3797.4,14.23735,2022
IS,H51,H,H51,18770.1,1804.3,2.88964,2022
MT,H51,H,H51,20873.6,3591.8,1.6143,2022
NL,H51,H,H51,134055.3,12516.1,2.97518,2022
NO,H51,H,H51,48590.7,3498.2,3.85843,2022
PL,H51,H,H51,31346.7,4120.2,2.11334,2022
PT,H51,H,H51,59728.8,6315.9,2.62692,2022
AT,H52,H,H52,4431.9,24592.4,0.05006,2022
BE,H52,H,H52,6499.9,29166.1,0.0619,2022
BG,H52,H,H52,3115.3,3691.6,0.23441,2022
CY,H52,H,H52,698.5,4057.5,0.04782,2022
CZ,H52,H,H52,12414.0,14169.8,0.24336,2022
DE,H52,H,H52,154758.1,173210.1,0.24819,2022
DK,H52,H,H52,9813.9,19531.8,0.13957,2022
EE,H52,H,H52,1788.4,3526.5,0.14087,2022
ES,H52,H,H52,28855.1,60583.6,0.1323,2022
FI,H52,H,H52,3999.2,8166.4,0.13603,2022
FR,H52,H,H52,17588.7,74479.1,0.0656,2022
GR,H52,H,H52,16952.4,7564.5,0.62252,2022
HR,H52,H,H52,2800.1,1882.2,0.41324,2022
HU,H52,H,H52,7935.0,7434.0,0.2965,2022
IE,H52,H,H52,3119.8,5878.9,0.14741,2022
IT,H52,H,H52,48976.9,83122.2,0.16367,2022
LT,H52,H,H52,713.0,5671.8,0.03492,2022
LV,H52,H,H52,2953.9,3187.7,0.2574,2022
NL,H52,H,H52,16053.4,55331.8,0.08059,2022
NO,H52,H,H52,10863.8,11629.6,0.25949,2022
PL,H52,H,H52,30782.1,23354.6,0.36612,2022
PT,H52,H,H52,3125.6,10622.5,0.08173,2022
RO,H52,H,H52,24131.3,7092.2,0.94514,2022
SI,H52,H,H52,1815.0,3171.2,0.15898,2022
SK,H52,H,H52,3716.5,4945.5,0.20875,2022
AT,H53,H,H53,1551.2,3989.6,0.108,2022
BE,H53,H,H53,3579.8,6525.5,0.15239,2022
CZ,H53,H,H53,1753.8,2064.1,0.23602,2022
DE,H53,H,H53,68917.7,67424.6,0.28393,2022
DK,H53,H,H53,2017.8,2512.3,0.2231,2022
ES,H53,H,H53,3926.0,6769.3,0.1611,2022
FI,H53,H,H53,554.0,1749.7,0.08795,2022
FR,H53,H,H53,6795.4,15745.6,0.11988,2022
GR,H53,H,H53,673.5,1111.7,0.16828,2022
HU,H53,H,H53,1664.0,1346.6,0.34324,2022
IE,H53,H,H53,1075.2,4172.6,0.07158,2022
NL,H53,H,H53,2232.1,9758.3,0.06354,2022
NO,H53,H,H53,903.2,1999.5,0.12547,2022
PL,H53,H,H53,10909.4,4653.3,0.65123,2022
PT,H53,H,H53,574.8,1346.2,0.1186,2022
RO,H53,H,H53,2523.9,1691.6,0.41445,2022
AT,L,L,L68,4956.4,24252.4,0.05677,2022
BE,L,L,L68,2960.9,18724.3,0.04393,2022
BG,L,L,L68,7049.4,2239.5,0.87438,2022
CZ,L,L,L68,14204.9,12166.3,0.32432,2022
DE,L,L,L68,32013.3,141921.6,0.06266,2022
DK,L,L,L68,3018.1,16159.1,0.05188,2022
EE,L,L,L68,3164.0,2693.5,0.3263,2022
ES,L,L,L68,18265.2,36279.8,0.13985,2022
FI,L,L,L68,22493.2,13455.5,0.46436,2022
FR,L,L,L68,10265.1,96391.2,0.02958,2022
GR,L,L,L68,168.3,3185.3,0.01468,2022
HR,L,L,L68,619.3,1363.4,0.12618,2022
HU,L,L,L68,2843.1,7484.1,0.10552,2022
IE,L,L,L68,856.7,7566.3,0.03145,2022
IS,L,L,L68,874.5,1342.2,0.18099,2022
IT,L,L,L68,15464.9,42715.9,0.10057,2022
LT,L,L,L68,4138.0,2463.0,0.46669,2022
LU,L,L,L68,1531.5,2656.2,0.16016,2022
LV,L,L,L68,7770.6,2052.0,1.0519,2022
NL,L,L,L68,8257.2,33395.9,0.06868,2022
NO,L,L,L68,18315.2,21460.8,0.23706,2022
PL,L,L,L68,63017.8,27359.2,0.63982,2022
PT,L,L,L68,2669.2,12485.5,0.05938,2022
RO,L,L,L68,2679.5,4960.1,0.15006,2022
SE,L,L,L68,22917.0,39124.8,0.16271,2022
SI,L,L,L68,1087.0,1065.7,0.28332,2022
SK,L,L,L68,3741.1,4458.1,0.2331,2022
AT,M,M,M69;M70;M71;M72;M73;M74;M75,4715.6,34996.8,0.03743,2022
BE,M,M,M69;M70;M71;M72;M73;M74;M75,30072.3,79434.1,0.10516,2022
BG,M,M,M69;M70;M71;M72;M73;M74;M75,1971.6,5317.4,0.10299,2022
CY,M,M,M69;M70;M71;M72;M73;M74;M75,912.1,3483.4,0.07273,2022
CZ,M,M,M69;M70;M71;M72;M73;M74;M75,6202.5,26340.1,0.06541,2022
DE,M,M,M69;M70;M71;M72;M73;M74;M75,147833.1,371849.8,0.11043,2022
DK,M,M,M69;M70;M71;M72;M73;M74;M75,6197.5,39156.8,0.04397,2022
EE,M,M,M69;M70;M71;M72;M73;M74;M75,749.0,3285.9,0.06332,2022
ES,M,M,M69;M70;M71;M72;M73;M74;M75,20798.4,115713.6,0.04993,2022
FI,M,M,M69;M70;M71;M72;M73;M74;M75,1013.0,19725.7,0.01427,2022
FR,M,M,M69;M70;M71;M72;M73;M74;M75,55883.7,229697.9,0.06758,2022
GR,M,M,M69;M70;M71;M72;M73;M74;M75,4155.7,13948.7,0.08276,2022
HR,M,M,M69;M70;M71;M72;M73;M74;M75,1399.6,5031.9,0.07726,2022
HU,M,M,M69;M70;M71;M72;M73;M74;M75,5652.8,16628.6,0.09443,2022
IE,M,M,M69;M70;M71;M72;M73;M74;M75,3765.7,87191.5,0.012,2022
IS,M,M,M69;M70;M71;M72;M73;M74;M75,1313.9,1675.3,0.21785,2022
IT,M,M,M69;M70;M71;M72;M73;M74;M75,60299.8,157750.8,0.10618,2022
LT,M,M,M69;M70;M71;M72;M73;M74;M75,1267.0,4248.8,0.08283,2022
LU,M,M,M69;M70;M71;M72;M73;M74;M75,668.4,63910.4,0.00291,2022
LV,M,M,M69;M70;M71;M72;M73;M74;M75,768.2,2637.3,0.08091,2022
MT,M,M,M69;M70;M71;M72;M73;M74;M75,584.9,3084.7,0.05267,2022
NL,M,M,M69;M70;M71;M72;M73;M74;M75,19487.0,156107.5,0.03468,2022
NO,M,M,M69;M70;M71;M72;M73;M74;M75,3535.0,37510.6,0.02618,2022
PL,M,M,M69;M70;M71;M72;M73;M74;M75,18921.1,51583.6,0.10189,2022
PT,M,M,M69;M70;M71;M72;M73;M74;M75,4228.6,20592.0,0.05704,2022
RO,M,M,M69;M70;M71;M72;M73;M74;M75,6951.4,13830.9,0.13961,2022
RS,M,M,M69;M70;M71;M72;M73;M74;M75,5709.0,5059.2,0.31345,2022
SE,M,M,M69;M70;M71;M72;M73;M74;M75,6290.6,63937.9,0.02733,2022
SI,M,M,M69;M70;M71;M72;M73;M74;M75,3485.7,6757.4,0.14329,2022
SK,M,M,M69;M70;M71;M72;M73;M74;M75,7968.7,12280.8,0.18024,2022
AT,M69_M70,M,M69;M70,1298.6,14934.7,0.02415,2022
BE,M69_M70,M,M69;M70,21165.4,51543.4,0.11406,2022
BG,M69_M70,M,M69;M70,565.7,1524.8,0.10306,2022
CY,M69_M70,M,M69;M70,572.4,1970.1,0.08071,2022
CZ,M69_M70,M,M69;M70,2340.0,7835.3,0.08296,2022
DE,M69_M70,M,M69;M70,80608.5,164537.1,0.13609,2022
DK,M69_M70,M,M69;M70,1894.2,17134.5,0.03071,2022
EE,M69_M70,M,M69;M70,408.7,1343.6,0.08449,2022
ES,M69_M70,M,M69;M70,10338.8,50850.9,0.05648,2022
FI,M69_M70,M,M69;M70,56.9,7719.6,0.00205,2022
FR,M69_M70,M,M69;M70,23577.0,114858.6,0.05702,2022
GR,M69_M70,M,M69;M70,2046.3,6880.2,0.08262,2022
HR,M69_M70,M,M69;M70,558.4,1667.5,0.09302,2022
HU,M69_M70,M,M69;M70,2624.9,7134.0,0.10221,2022
IE,M69_M70,M,M69;M70,2226.1,57667.6,0.01072,2022
IT,M69_M70,M,M69;M70,24023.2,81086.5,0.0823,2022
LT,M69_M70,M,M69;M70,469.0,1789.1,0.07282,2022
MT,M69_M70,M,M69;M70,429.6,1188.7,0.10039,2022
NL,M69_M70,M,M69;M70,10675.4,99055.7,0.02994,2022
NO,M69_M70,M,M69;M70,723.0,14306.9,0.01404,2022
PL,M69_M70,M,M69;M70,8799.3,22740.3,0.10749,2022
PT,M69_M70,M,M69;M70,2187.3,11973.7,0.05074,2022
RO,M69_M70,M,M69;M70,1591.5,4473.2,0.09883,2022
RS,M69_M70,M,M69;M70,2148.5,1898.5,0.31436,2022
SE,M69_M70,M,M69;M70,2342.1,24219.9,0.02686,2022
SI,M69_M70,M,M69;M70,1550.6,2528.7,0.17033,2022
SK,M69_M70,M,M69;M70,3518.3,6148.4,0.15895,2022
AT,M71,M,M71,744.1,10052.5,0.02056,2022
BE,M71,M,M71,4553.7,13598.3,0.09302,2022
BG,M71,M,M71,668.3,1152.3,0.1611,2022
CZ,M71,M,M71,1490.2,7651.9,0.0541,2022
DE,M71,M,M71,43779.3,105746.7,0.115,2022
DK,M71,M,M71,2696.5,10691.5,0.07006,2022
ES,M71,M,M71,5181.1,30874.5,0.04661,2022
FI,M71,M,M71,245.1,7031.2,0.00968,2022
FR,M71,M,M71,18384.0,67050.2,0.07616,2022
GR,M71,M,M71,1075.6,3903.8,0.07653,2022
HR,M71,M,M71,460.3,1853.0,0.069,2022
HU,M71,M,M71,1433.7,4381.2,0.0909,2022
IE,M71,M,M71,675.7,11744.1,0.01598,2022
IT,M71,M,M71,5461.1,34208.2,0.04435,2022
LU,M71,M,M71,159.5,1438.5,0.0308,2022
NL,M71,M,M71,3228.5,25086.3,0.03575,2022
NO,M71,M,M71,1672.2,15470.4,0.03003,2022
PL,M71,M,M71,2271.1,10765.7,0.0586,2022
PT,M71,M,M71,955.6,4047.0,0.06559,2022
RO,M71,M,M71,2893.7,4504.1,0.17846,2022
SE,M71,M,M71,2292.0,21561.8,0.02953,2022
SI,M71,M,M71,1110.2,2543.9,0.12122,2022
SK,M71,M,M71,1882.0,2509.0,0.20836,2022
AT,M72,M,M72,273.0,2554.4,0.02969,2022
BE,M72,M,M72,2484.8,4830.1,0.1429,2022
CZ,M72,M,M72,1116.4,1348.0,0.23006,2022
DE,M72,M,M72,7673.2,36946.1,0.05769,2022
DK,M72,M,M72,411.7,5009.5,0.02283,2022
ES,M72,M,M72,1353.5,3124.7,0.12032,2022
FI,M72,M,M72,491.2,1221.3,0.11172,2022
FR,M72,M,M72,6310.7,10136.5,0.17294,2022
HU,M72,M,M72,818.6,1528.9,0.14873,2022
IE,M72,M,M72,479.5,6383.4,0.02087,2022
IT,M72,M,M72,13084.4,5264.6,0.69038,2022
NL,M72,M,M72,1940.6,9942.5,0.05422,2022
NO,M72,M,M72,585.8,1903.2,0.0855,2022
PL,M72,M,M72,5420.2,2214.8,0.6798,2022
SE,M72,M,M72,487.6,4567.1,0.02966,2022
AT,M73,M,M73,244.1,5273.6,0.01286,2022
BE,M73,M,M73,525.8,6115.8,0.02388,2022
CY,M73,M,M73,36.1,1163.2,0.00862,2022
CZ,M73,M,M73,410.9,5385.8,0.02119,2022
DE,M73,M,M73,8847.6,35048.1,0.07012,2022
DK,M73,M,M73,444.4,2789.8,0.04425,2022
ES,M73,M,M73,1650.8,19848.6,0.0231,2022
FI,M73,M,M73,20.6,1838.0,0.00311,2022
FR,M73,M,M73,3812.5,18988.2,0.05577,2022
GR,M73,M,M73,769.7,1945.6,0.10989,2022
HU,M73,M,M73,297.3,2168.1,0.03809,2022
IE,M73,M,M73,59.0,4205.0,0.0039,2022
IT,M73,M,M73,1227.9,14049.4,0.02428,2022
LT,M73,M,M73,305.0,1096.8,0.07724,2022
MT,M73,M,M73,42.3,1302.0,0.00902,2022
NL,M73,M,M73,1836.6,11823.6,0.04315,2022
NO,M73,M,M73,138.4,2959.5,0.01299,2022
PL,M73,M,M73,2218.3,9514.5,0.06476,2022
PT,M73,M,M73,239.0,2081.0,0.0319,2022
RO,M73,M,M73,628.6,3018.6,0.05784,2022
SE,M73,M,M73,277.8,5756.8,0.0134,2022
SK,M73,M,M73,1013.8,2447.6,0.11506,2022
AT,M74_M75,M,M74;M75,2155.9,2181.6,0.27451,2022
BE,M74_M75,M,M74;M75,1342.8,3346.5,0.11146,2022
BG,M74_M75,M,M74;M75,415.2,1374.4,0.08392,2022
CZ,M74_M75,M,M74;M75,845.1,4119.2,0.05699,2022
DE,M74_M75,M,M74;M75,6924.5,29571.8,0.06504,2022
DK,M74_M75,M,M74;M75,751.0,3531.4,0.05907,2022
ES,M74_M75,M,M74;M75,2274.1,11015.0,0.05735,2022
FI,M74_M75,M,M74;M75,199.3,1915.6,0.0289,2022
FR,M74_M75,M,M74;M75,3799.8,18664.4,0.05655,2022
HU,M74_M75,M,M74;M75,478.2,1416.4,0.09379,2022
IE,M74_M75,M,M74;M75,325.5,7191.5,0.01257,2022
IT,M74_M75,M,M74;M75,16503.3,23142.1,0.19809,2022
NL,M74_M75,M,M74;M75,1806.2,10199.5,0.04919,2022
NO,M74_M75,M,M74;M75,415.6,2870.5,0.04022,2022
PL,M74_M75,M,M74;M75,212.3,6348.4,0.00929,2022
PT,M74_M75,M,M74;M75,550.7,2097.4,0.07293,2022
RO,M74_M75,M,M74;M75,188.6,1294.3,0.04048,2022
SE,M74_M75,M,M74;M75,891.0,7832.4,0.0316,2022
