nace_code,section,divisions,energy_tj,turnover_meur,intensity_gwh_per_meur,year,source
A,A,A,1668638.8,644124.2,0.7196,2022,"Eurostat PEFA env_ac_pefasu (EU27_2020; ER_USE of P00 + USE of P26, P27) ÷ Eurostat SBS sbs_ovw_act NETTUR_MEUR (agriculture: nama_10_a64 P1)"
A01,A,A01,1283270.6,566180.4,0.62959,2022,"Eurostat PEFA env_ac_pefasu (EU27_2020; ER_USE of P00 + USE of P26, P27) ÷ Eurostat SBS sbs_ovw_act NETTUR_MEUR (agriculture: nama_10_a64 P1)"
A02,A,A02,75291.0,63506.7,0.32932,2022,"Eurostat PEFA env_ac_pefasu (EU27_2020; ER_USE of P00 + USE of P26, P27) ÷ Eurostat SBS sbs_ovw_act NETTUR_MEUR (agriculture: nama_10_a64 P1)"
A03,A,A03,80194.9,14437.1,1.54299,2022,"Eurostat PEFA env_ac_pefasu (EU27_2020; ER_USE of P00 + USE of P26, P27) ÷ Eurostat SBS sbs_ovw_act NETTUR_MEUR (agriculture: nama_10_a64 P1)"
B,B,B,390327.2,173571.0,0.62467,2022,"Eurostat PEFA env_ac_pefasu (EU27_2020; ER_USE of P00 + USE of P26, P27) ÷ Eurostat SBS sbs_ovw_act NETTUR_MEUR (agriculture: nama_10_a64 P1)"
C,C,C,12706887.8,9784270.3,0.36075,2022,"Eurostat PEFA env_ac_pefasu (EU27_2020; ER_USE of P00 + USE of P26, P27) ÷ Eurostat SBS sbs_ovw_act NETTUR_MEUR (agriculture: nama_10_a64 P1)"
C10-C12,C,C10;C11;C12,836601.1,1466440.5,0.15847,2022,"Eurostat PEFA env_ac_pefasu (EU27_2020; ER_USE of P00 + USE of P26, P27) ÷ Eurostat SBS sbs_ovw_act NETTUR_MEUR (agriculture: nama_10_a64 P1)"
C16,C,C16,329509.0,200000.0,0.45765,2022,"Eurostat PEFA env_ac_pefasu (EU27_2020; ER_USE of P00 + USE of P26, P27) ÷ Eurostat SBS sbs_ovw_act NETTUR_MEUR (agriculture: nama_10_a64 P1)"
C17,C,C17,850694.7,256000.0,0.92306,2022,"Eurostat PEFA env_ac_pefasu (EU27_2020; ER_USE of P00 + USE of P26, P27) ÷ Eurostat SBS sbs_ovw_act NETTUR_MEUR (agriculture: nama_10_a64 P1)"
C18,C,C18,32013.1,70000.0,0.12704,2022,"Eurostat PEFA env_ac_pefasu (EU27_2020; ER_USE of P00 + USE of P26, P27) ÷ Eurostat SBS sbs_ovw_act NETTUR_MEUR (agriculture: nama_10_a64 P1)"
C19,C,C19,2349847.8,717878.5,0.90926,2022,"Eurostat PEFA env_ac_pefasu (EU27_2020; ER_USE of P00 + USE of P26, P27) ÷ Eurostat SBS sbs_ovw_act NETTUR_MEUR (agriculture: nama_10_a64 P1)"
C20,C,C20,1232031.6,779173.9,0.43922,2022,"Eurostat PEFA env_ac_pefasu (EU27_2020; ER_USE of P00 + USE of P26, P27) ÷ Eurostat SBS sbs_ovw_act NETTUR_MEUR (agriculture: nama_10_a64 P1)"
C22,C,C22,102793.0,400000.0,0.07138,2022,"Eurostat PEFA env_ac_pefasu (EU27_2020; ER_USE of P00 + USE of P26, P27) ÷ Eurostat SBS sbs_ovw_act NETTUR_MEUR (agriculture: nama_10_a64 P1)"
C23,C,C23,976079.5,283312.2,0.95701,2022,"Eurostat PEFA env_ac_pefasu (EU27_2020; ER_USE of P00 + USE of P26, P27) ÷ Eurostat SBS sbs_ovw_act NETTUR_MEUR (agriculture: nama_10_a64 P1)"
C24,C,C24,1538885.7,540000.0,0.79161,2022,"Eurostat PEFA env_ac_pefasu (EU27_2020; ER_USE of P00 + USE of P26, P27) ÷ Eurostat SBS sbs_ovw_act NETTUR_MEUR (agriculture: nama_10_a64 P1)"
C25,C,C25,170271.6,653819.1,0.07234,2022,"Eurostat PEFA env_ac_pefasu (EU27_2020; ER_USE of P00 + USE of P26, P27) ÷ Eurostat SBS sbs_ovw_act NETTUR_MEUR (agriculture: nama_10_a64 P1)"
C28,C,C28,95421.4,845831.7,0.03134,2022,"Eurostat PEFA env_ac_pefasu (EU27_2020; ER_USE of P00 + USE of P26, P27) ÷ Eurostat SBS sbs_ovw_act NETTUR_MEUR (agriculture: nama_10_a64 P1)"
C29,C,C29,146703.2,1225949.7,0.03324,2022,"Eurostat PEFA env_ac_pefasu (EU27_2020; ER_USE of P00 + USE of P26, P27) ÷ Eurostat SBS sbs_ovw_act NETTUR_MEUR (agriculture: nama_10_a64 P1)"
C30,C,C30,23962.3,260859.3,0.02552,2022,"Eurostat PEFA env_ac_pefasu (EU27_2020; ER_USE of P00 + USE of P26, P27) ÷ Eurostat SBS sbs_ovw_act NETTUR_MEUR (agriculture: nama_10_a64 P1)"
C31_C32,C,C31;C32,60836.2,301540.3,0.05604,2022,"Eurostat PEFA env_ac_pefasu (EU27_2020; ER_USE of P00 + USE of P26, P27) ÷ Eurostat SBS sbs_ovw_act NETTUR_MEUR (agriculture: nama_10_a64 P1)"
C33,C,C33,42644.6,189654.9,0.06246,2022,"Eurostat PEFA env_ac_pefasu (EU27_2020; ER_USE of P00 + USE of P26, P27) ÷ Eurostat SBS sbs_ovw_act NETTUR_MEUR (agriculture: nama_10_a64 P1)"
D,D,D,11738823.9,3316363.7,0.98324,2022,"Eurostat PEFA env_ac_pefasu (EU27_2020; ER_USE of P00 + USE of P26, P27) ÷ Eurostat SBS sbs_ovw_act NETTUR_MEUR (agriculture: nama_10_a64 P1)"
E,E,E,491046.0,316513.2,0.43095,2022,"Eurostat PEFA env_ac_pefasu (EU27_2020; ER_USE of P00 + USE of P26, P27) ÷ Eurostat SBS sbs_ovw_act NETTUR_MEUR (agriculture: nama_10_a64 P1)"
E36,E,E36,30514.5,59178.5,0.14323,2022,"Eurostat PEFA env_ac_pefasu (EU27_2020; ER_USE of P00 + USE of P26, P27) ÷ Eurostat SBS sbs_ovw_act NETTUR_MEUR (agriculture: nama_10_a64 P1)"
E37-E39,E,E37;E38;E39,246281.0,252200.0,0.27126,2022,"Eurostat PEFA env_ac_pefasu (EU27_2020; ER_USE of P00 + USE of P26, P27) ÷ Eurostat SBS sbs_ovw_act NETTUR_MEUR (agriculture: nama_10_a64 P1)"
F,F,F,871608.4,2151793.5,0.11252,2022,"Eurostat PEFA env_ac_pefasu (EU27_2020; ER_USE of P00 + USE of P26, P27) ÷ Eurostat SBS sbs_ovw_act NETTUR_MEUR (agriculture: nama_10_a64 P1)"
G,G,G,1585349.7,11190216.0,0.03935,2022,"Eurostat PEFA env_ac_pefasu (EU27_2020; ER_USE of P00 + USE of P26, P27) ÷ Eurostat SBS sbs_ovw_act NETTUR_MEUR (agriculture: nama_10_a64 P1)"
G45,G,G45,192201.0,1364358.7,0.03913,2022,"Eurostat PEFA env_ac_pefasu (EU27_2020; ER_USE of P00 + USE of P26, P27) ÷ Eurostat SBS sbs_ovw_act NETTUR_MEUR (agriculture: nama_10_a64 P1)"
G46,G,G46,455961.5,6601782.0,0.01919,2022,"Eurostat PEFA env_ac_pefasu (EU27_2020; ER_USE of P00 + USE of P26, P27) ÷ Eurostat SBS sbs_ovw_act NETTUR_MEUR (agriculture: nama_10_a64 P1)"
G47,G,G47,321213.7,3224075.3,0.02767,2022,"Eurostat PEFA env_ac_pefasu (EU27_2020; ER_USE of P00 + USE of P26, P27) ÷ Eurostat SBS sbs_ovw_act NETTUR_MEUR (agriculture: nama_10_a64 P1)"
H,H,H,6707579.9,1891837.5,0.98487,2022,"Eurostat PEFA env_ac_pefasu (EU27_2020; ER_USE of P00 + USE of P26, P27) ÷ Eurostat SBS sbs_ovw_act NETTUR_MEUR (agriculture: nama_10_a64 P1)"
H49,H,H49,2501566.7,689532.2,1.00776,2022,"Eurostat PEFA env_ac_pefasu (EU27_2020; ER_USE of P00 + USE of P26, P27) ÷ Eurostat SBS sbs_ovw_act NETTUR_MEUR (agriculture: nama_10_a64 P1)"
H51,H,H51,1709231.9,142007.1,3.3434,2022,"Eurostat PEFA env_ac_pefasu (EU27_2020; ER_USE of P00 + USE of P26, P27) ÷ Eurostat SBS sbs_ovw_act NETTUR_MEUR (agriculture: nama_10_a64 P1)"
H52,H,H52,316968.9,660000.0,0.1334,2022,"Eurostat PEFA env_ac_pefasu (EU27_2020; ER_USE of P00 + USE of P26, P27) ÷ Eurostat SBS sbs_ovw_act NETTUR_MEUR (agriculture: nama_10_a64 P1)"
H53,H,H53,97765.2,149310.9,0.18188,2022,"Eurostat PEFA env_ac_pefasu (EU27_2020; ER_USE of P00 + USE of P26, P27) ÷ Eurostat SBS sbs_ovw_act NETTUR_MEUR (agriculture: nama_10_a64 P1)"
L,L,L,256525.6,557669.5,0.12778,2022,"Eurostat PEFA env_ac_pefasu (EU27_2020; ER_USE of P00 + USE of P26, P27) ÷ Eurostat SBS sbs_ovw_act NETTUR_MEUR (agriculture: nama_10_a64 P1)"
M,M,M,422244.1,1608524.2,0.07292,2022,"Eurostat PEFA env_ac_pefasu (EU27_2020; ER_USE of P00 + USE of P26, P27) ÷ Eurostat SBS sbs_ovw_act NETTUR_MEUR (agriculture: nama_10_a64 P1)"
M69_M70,M,M69;M70,206333.4,800000.0,0.07164,2022,"Eurostat PEFA env_ac_pefasu (EU27_2020; ER_USE of P00 + USE of P26, P27) ÷ Eurostat SBS sbs_ovw_act NETTUR_MEUR (agriculture: nama_10_a64 P1)"
M71,M,M71,102597.8,384744.3,0.07407,2022,"Eurostat PEFA env_ac_pefasu (EU27_2020; ER_USE of P00 + USE of P26, P27) ÷ Eurostat SBS sbs_ovw_act NETTUR_MEUR (agriculture: nama_10_a64 P1)"
M72,M,M72,46020.3,98000.0,0.13044,2022,"Eurostat PEFA env_ac_pefasu (EU27_2020; ER_USE of P00 + USE of P26, P27) ÷ Eurostat SBS sbs_ovw_act NETTUR_MEUR (agriculture: nama_10_a64 P1)"
M73,M,M73,25458.6,160656.1,0.04402,2022,"Eurostat PEFA env_ac_pefasu (EU27_2020; ER_USE of P00 + USE of P26, P27) ÷ Eurostat SBS sbs_ovw_act NETTUR_MEUR (agriculture: nama_10_a64 P1)"
M74_M75,M,M74;M75,41834.1,141900.0,0.08189,2022,"Eurostat PEFA env_ac_pefasu (EU27_2020; ER_USE of P00 + USE of P26, P27) ÷ Eurostat SBS sbs_ovw_act NETTUR_MEUR (agriculture: nama_10_a64 P1)"
