year,deflator,source,retrieved,wdi_last_updated
2000,69.01123,"World Bank WDI NY.GDP.DEFL.ZS (United States, GDP implicit price deflator, 2020=100)",2026-09-27,2026-07-13
2001,70.565149,"World Bank WDI NY.GDP.DEFL.ZS (United States, GDP implicit price deflator, 2020=100)",2026-09-27,2026-07-13
2002,71.661727,"World Bank WDI NY.GDP.DEFL.ZS (United States, GDP implicit price deflator, 2020=100)",2026-09-27,2026-07-13
2003,73.076555,"World Bank WDI NY.GDP.DEFL.ZS (United States, GDP implicit price deflator, 2020=100)",2026-09-27,2026-07-13
2004,75.041648,"World Bank WDI NY.GDP.DEFL.ZS (United States, GDP implicit price deflator, 2020=100)",2026-09-27,2026-07-13
2005,77.394545,"World Bank WDI NY.GDP.DEFL.ZS (United States, GDP implicit price deflator, 2020=100)",2026-09-27,2026-07-13
2006,79.781266,"World Bank WDI NY.GDP.DEFL.ZS (United States, GDP implicit price deflator, 2020=100)",2026-09-27,2026-07-13
2007,81.942747,"World Bank WDI NY.GDP.DEFL.ZS (United States, GDP implicit price deflator, 2020=100)",2026-09-27,2026-07-13
2008,83.521546,"World Bank WDI NY.GDP.DEFL.ZS (United States, GDP implicit price deflator, 2020=100)",2026-09-27,2026-07-13
2009,84.03669,"World Bank WDI NY.GDP.DEFL.ZS (United States, GDP implicit price deflator, 2020=100)",2026-09-27,2026-07-13
2010,85.057977,"World Bank WDI NY.GDP.DEFL.ZS (United States, GDP implicit price deflator, 2020=100)",2026-09-27,2026-07-13
2011,86.812816,"World Bank WDI NY.GDP.DEFL.ZS (United States, GDP implicit price deflator, 2020=100)",2026-09-27,2026-07-13
2012,88.429414,"World Bank WDI NY.GDP.DEFL.ZS (United States, GDP implicit price deflator, 2020=100)",2026-09-27,2026-07-13
2013,89.934377,"World Bank WDI NY.GDP.DEFL.ZS (United States, GDP implicit price deflator, 2020=100)",2026-09-27,2026-07-13
2014,91.50069,"World Bank WDI NY.GDP.DEFL.ZS (United States, GDP implicit price deflator, 2020=100)",2026-09-27,2026-07-13
2015,92.349856,"World Bank WDI NY.GDP.DEFL.ZS (United States, GDP implicit price deflator, 2020=100)",2026-09-27,2026-07-13
2016,93.227477,"World Bank WDI NY.GDP.DEFL.ZS (United States, GDP implicit price deflator, 2020=100)",2026-09-27,2026-07-13
2017,94.896998,"World Bank WDI NY.GDP.DEFL.ZS (United States, GDP implicit price deflator, 2020=100)",2026-09-27,2026-07-13
2018,97.070984,"World Bank WDI NY.GDP.DEFL.ZS (United States, GDP implicit price deflator, 2020=100)",2026-09-27,2026-07-13
2019,98.673107,"World Bank WDI NY.GDP.DEFL.ZS (United States, GDP implicit price deflator, 2020=100)",2026-09-27,2026-07-13
2020,100.0,"World Bank WDI NY.GDP.DEFL.ZS (United States, GDP implicit price deflator, 2020=100)",2026-09-27,2026-07-13
2021,104.562973,"World Bank WDI NY.GDP.DEFL.ZS (United States, GDP implicit price deflator, 2020=100)",2026-09-27,2026-07-13
2022,112.000017,"World Bank WDI NY.GDP.DEFL.ZS (United States, GDP implicit price deflator, 2020=100)",2026-09-27,2026-07-13
2023,116.144258,"World Bank WDI NY.GDP.DEFL.ZS (United States, GDP implicit price deflator, 2020=100)",2026-09-27,2026-07-13
2024,119.027387,"World Bank WDI NY.GDP.DEFL.ZS (United States, GDP implicit price deflator, 2020=100)",2026-09-27,2026-07-13
2025,122.361625,"World Bank WDI NY.GDP.DEFL.ZS (United States, GDP implicit price deflator, 2020=100)",2026-09-27,2026-07-13
